Size,Category,Subcategory,Firmness,SKU,name,Unit,Normal Price IDR,unit cost,image_url,showroom_qty,warehouse_qty,pending_qty,upcoming_qty,req_po
Super King 200x200,Mattress,Heveya I,Soft,MEU1SK200X200S,Heveya Natural Organic Latex Mattress  I -  Super King (W200cm x L200cm) - Soft,Pcs,"36,000,000","11,336,764",mattress-heveya-I.png,,,,,
Super King 200x200,Mattress,Heveya I,Medium,MEU1SK200X200M,Heveya Natural Organic Latex Mattress I -  Super King  (W200cm x L200cm) - Medium,Pcs,"36,000,000","12,332,279",mattress-heveya-I.png,,,1.0,,
Super King 200x200,Mattress,Heveya I,Firm,MEU1SK200X200F,Heveya Natural Organic Latex Mattress I  -  Super King (W200cm x L200cm) - Firm,Pcs,"36,000,000","13,825,459",mattress-heveya-I.png,,,,,
Super King 200x200,Mattress,Heveya II,Soft,MEU2SK200X200S,Heveya Natural Organic Latex  Mattress II  - Super King (W200cm x L200cm) - Soft,Pcs,"46,500,000","13,937,815",mattress-heveya-II.png,,,,,
Super King 200x200,Mattress,Heveya II,Medium,MEU2SK200X200M,Heveya Natural Organic  Latex Mattress II -  Super King (W200cm x L200cm) - Medium,Pcs,"46,500,000","15,099,403",mattress-heveya-II.png,,2.0,5.0,,
Super King 200x200,Mattress,Heveya II,Firm,MEU2SK200X200F,Heveya Natural Organic Latex Mattress II - Super King (W200cm x L200cm) - Firm,Pcs,"46,500,000","16,924,174",mattress-heveya-II.png,,,3.0,,
Super King 200x200,Mattress,Heveya III,Soft,MEU3SK200X200S,Heveya Natural Organic Latex Mattress III - Super King (W200cm x L200cm) - Soft,Pcs,"54,000,000","17,898,154",mattress-heveya-III.png,,,,,
Super King 200x200,Mattress,Heveya III,Medium,MEU3SK200X200M,Heveya Natural Organic Latex Mattress III -  Super King (W200cm x L200cm) - Medium,Pcs,"54,000,000","19,059,743",mattress-heveya-III.png,,,,,
Super King 200x200,Mattress,Heveya III,Firm,MEU3SK200X200F,Heveya Natural Organic Latex Mattress III - Super King (W200cm x L200cm) -  Firm,Pcs,"54,000,000","20,884,513",mattress-heveya-III.png,,,,,
Super King 200x200,Mattress,Hospitality,,MEUHSK200X200,Heveya Hospitality Mattress - Super King (W200cm x L200cm),Pcs,"23,400,000","8,905,225",mattress-heveya-hospitality.png,,2.0,4.0,,
Super King 200x200,Mattress,Topper,,TEU1SK200X200S,Heveya Natural Organic Latex Topper   -  Super King (W200cm x L200cm) - Soft,Pcs,"13,500,000","4,735,440",mattress-heveya-topper.png,,6.0,9.0,,
King 180x200,Mattress,Heveya I,Soft,MEU1K200X180S,Heveya Natural Organic Latex Mattress I  -  King (W180cm x L200cm) - Soft,Pcs,"32,500,000","10,422,332",mattress-heveya-I.png,,,,,
King 180x200,Mattress,Heveya I,Medium,MEU1K200X180M,Heveya Natural Organic Latex Mattress I - King (W180cm x L200cm) - Medium,Pcs,"32,500,000","11,318,314",mattress-heveya-I.png,,4.0,,,
King 180x200,Mattress,Heveya I,Firm,MEU1K200X180F,Heveya Natural Organic Latex Mattress I - King (W180cm x L200cm) - Firm,Pcs,"32,500,000","12,662,286",mattress-heveya-I.png,,,1.0,,
King 180x200,Mattress,Heveya II,Soft,MEU2K200X180S,Heveya Natural Organic Latex Mattress II - King (W180cm x L200cm) - Soft,Pcs,"42,000,000","12,753,597",mattress-heveya-II.png,,,,,
King 180x200,Mattress,Heveya II,Medium,MEU2K200X180M,Heveya Natural Organic Latex Mattress II - King (W180cm x L200cm) - Medium,Pcs,"42,000,000","13,798,785",mattress-heveya-II.png,,5.0,1.0,,
King 180x200,Mattress,Heveya II,Firm,MEU2K200X180F,Heveya Natural Organic Latex Mattress II - King (W180cm x L200cm) - Firm,Pcs,"42,000,000","15,441,542",mattress-heveya-II.png,,1.0,2.0,,
King 180x200,Mattress,Heveya III,Soft,MEU3K200X180S,Heveya Natural Organic Latex Mattress III - King (W180cm x L200cm) - Soft,Pcs,"49,000,000","16,323,505",mattress-heveya-III.png,,,,,
King 180x200,Mattress,Heveya III,Medium,MEU3K200X180M,Heveya Natural Organic Latex Mattress III - King (W180cm x L200cm) - Medium,Pcs,"49,000,000","17,368,694",mattress-heveya-III.png,,,,,
King 180x200,Mattress,Heveya III,Firm,MEU3K200X180F,Heveya Natural Organic Latex Mattress III - King (W180cm x L200cm) - Firm,Pcs,"49,000,000","19,011,451",mattress-heveya-III.png,,,,,
King 180x200,Mattress,Heveya III,Medium/Firm,MEU3K200X180MF,Heveya  Natural Organic Latex Mattress III - King (W180cm x L200cm) - Medium/Firm,Pcs,"49,000,000","18,190,073",mattress-heveya-III.png,,,,,
King 180x200,Mattress,Hospitality,,MEUHK180X200,Heveya Hospitality Mattress - King (W180cm x L200cm),Pcs,"21,200,000","8,108,220",mattress-heveya-hospitality.png,,1.0,,,
King 180x200,Mattress,Topper,,TEU1K200X180S,Heveya Natural Organic Latex  Topper - King (W180cm x L200cm) - Soft,Pcs,"11,700,000","4,345,008",mattress-heveya-topper.png,,7.0,2.0,,
Queen 160x200,Mattress,Heveya I,Soft,MEU1Q200X160S,Heveya Natural Organic Latex Mattress I  -  Queen (W160cm x L200cm) - Soft,Pcs,"31,000,000","9,489,701",mattress-heveya-I.png,,,,,
Queen 160x200,Mattress,Heveya I,Medium,MEU1Q200X160M,Heveya Natural Organic Latex Mattress I  - Queen (W160cm x L200cm) - Medium,Pcs,"31,000,000","10,286,150",mattress-heveya-I.png,,,,,
Queen 160x200,Mattress,Heveya I,Firm,MEU1Q200X160F,Heveya Natural Organic Latex Mattress I - Queen (W160cm x L200cm) - Firm,Pcs,"31,000,000","11,480,731",mattress-heveya-I.png,,,,,
Queen 160x200,Mattress,Heveya II,Soft,MEU2Q200X160S,Heveya Natural Organic Latex Mattress  II  - Queen (W160cm x L200cm) - Soft,Pcs,"39,500,000","11,568,991",mattress-heveya-II.png,,,,,
Queen 160x200,Mattress,Heveya II,Medium,MEU2Q200X160M,Heveya Natural Organic Latex Mattress II - Queen (W160cm x L200cm) - Medium,Pcs,"39,500,000","12,498,336",mattress-heveya-II.png,,,2.0,,
Queen 160x200,Mattress,Heveya II,Firm,MEU2Q200X160F,Heveya Natural Organic Latex Mattress II  -  Queen (W160cm x L200cm) - Firm,Pcs,"39,500,000","13,958,152",mattress-heveya-II.png,,,2.0,,
Queen 160x200,Mattress,Heveya III,Soft,MEU3Q200X160S,Heveya Natural Organic Latex Mattress III  -  Queen (W160cm x L200cm) - Soft,Pcs,"47,000,000","8,528,071",mattress-heveya-III.png,,,,,
Queen 160x200,Mattress,Heveya III,Medium,MEU3Q200X160M,Heveya Natural Organic Latex Mattress III  - Queen (W160cm x L200cm) - Medium,Pcs,"47,000,000","9,050,758",mattress-heveya-III.png,,,,,
Queen 160x200,Mattress,Heveya III,Firm,MEU3Q200X160F,Heveya Natural Organic Latex III - Queen (W160cm x L200cm) - Firm,Pcs,"47,000,000","9,872,044",mattress-heveya-III.png,,,,,
Queen 160x200,Mattress,Hospitality,,MEUHQ160X200,Heveya Hospitality Mattress - Queen (W160cm x L200cm),Pcs,"17,800,000","7,309,530",mattress-heveya-hospitality.png,,,,,
Queen 160x200,Mattress,Topper,,TEU1Q200X160S,Heveya Natural Organic Latex Topper  -  Queen (W160cm x L200cm) - Soft,Pcs,"9,800,000","3,954,190",mattress-heveya-topper.png,,2.0,5.0,,
Single 90x200,Mattress,Heveya I,Soft,MEU1S200X90S,Heveya  Natural Organic Latex Mattress I  - Single (W90cm x L200cm) - Soft,Pcs,"22,500,000","5,520,616",mattress-heveya-I.png,,,,,
Single 90x200,Mattress,Heveya I,Medium,MEU1S200X90M,Heveya Natural Organic Latex Mattress I  -  Single (W90cm x L200cm) - Medium,Pcs,"22,500,000","5,968,607",mattress-heveya-I.png,,,,,
Single 90x200,Mattress,Heveya I,Firm,MEU1S200X90F,Heveya Natural Organic Latex Mattress I - Single (W90cm x L200cm) - Firm,Pcs,"22,500,000","6,640,501",mattress-heveya-I.png,,,,,
Single 90x200,Mattress,Heveya II,Soft,MEU2S200X90S,Heveya Natural Organic Latex Mattress II  -  Single (W90cm x L200cm) - Soft,Pcs,"25,000,000","6,715,989",mattress-heveya-II.png,,,,,
Single 90x200,Mattress,Heveya II,Medium,MEU2S200X90M,Heveya Natural Organic Latex Mattress II  - Single (W90cm x L200cm) - Medium,Pcs,"25,000,000","7,238,676",mattress-heveya-II.png,,,,,
Single 90x200,Mattress,Heveya II,Firm,MEU2S200X90F,Heveya Natural Organic Latex Mattress II - Single (W90cm x L200cm) - Firm,Pcs,"25,000,000","8,059,962",mattress-heveya-II.png,,,,,
Single 90x200,Mattress,Heveya III,Soft,MEU3S200X90S,Heveya Natural Organic Latex Mattress  III  - Single (W90cm x L200cm) - Soft,Pcs,"31,000,000","8,528,071",mattress-heveya-III.png,,,,,
Single 90x200,Mattress,Heveya III,Medium,MEU3S200X90M,Heveya Natural Organic Latex Mattress III  -  Single (W90cm x L200cm) - Medium,Pcs,"31,000,000","9,050,758",mattress-heveya-III.png,,,,,
Single 90x200,Mattress,Heveya III,Firm,MEU3S200X90F,Heveya Natural Organic Latex Mattress III - Single (W90cm x L200cm) - Firm,Pcs,"31,000,000","9,872,044",mattress-heveya-III.png,,,,,
Single 90x200,Mattress,Hospitality,,MEUHS90X200,Heveya Hospitality Mattress - Single (W90cm x L200cm),Pcs,"12,500,000","4,364,150",mattress-heveya-hospitality.png,,,,,
Single 90x200,Mattress,Topper,,TEU1S200X90S,Heveya Natural Organic Latex Topper - Single (W90cm x L200cm) - Soft,Pcs,"6,900,000","2,587,183",mattress-heveya-topper.png,,1.0,,,
,Mattress,Junior,,JCM1S120X60MRP,Heveya Junior Cot  Mattress - 120cm x 60cm x 10cm,Pcs,"6,000,000","1,649,615",heveya_junior_mattress_cot.png,,1.0,,,
,Mattress,Junior,,JCM1L140X70MRP,Heveya Junior Cot Mattress - 140cm x 70cm x 10cm,Pcs,"6,000,000","2,087,041",heveya_junior_mattress_cot.png,,2.0,,,
,Pillow,Pillow 1,,PSLIA68X38S,Heveya Natural Organic Latex Pillow - (70cm x 40cm x 10cm) - Heveya 1,Pcs,"1,800,000","400,819",Pillow-1.png,2.0,44.0,,,
,Pillow,Pillow 2,,PS1A70X40S,Heveya Natural Organic Latex Pillow - (70cm x 40cm x 14.5cm) - Heveya 2,Pcs,"1,800,000","450,499",Pillow-2.png,-4.0,65.0,,,
,Pillow,Pillow 3,,PC1A70X40S,Heveya Natural Organic Latex Pillow - (70cm x 40cm x 9/11.5cm) - Heveya 3,Pcs,"1,800,000","484,539",Pillow-3.png,0.0,51.0,,,
,Pillow,Pillow 4,,PS1A70X40LM,Heveya Natural Organic Latex Pillow - (70cm x 40cm x 12.5cm) - Heveya 4,Pcs,"1,800,000","459,009",Pillow-4.png,5.0,27.0,,,
,Pillow,Pillow 5,,PS1A70X40LF,Heveya Natural Organic Latex Pillow - (70cm x 40cm x 12.5cm) - Heveya 5,Pcs,"1,800,000","500,640",Pillow-5.png,4.0,28.0,,,
,Pillow,Pillow 6,,PS1A70X40HF,Heveya Natural Organic Latex Pillow - (70cm x 40cm x 14.5cm) - Heveya 6,Pcs,"1,800,000","609,201",Pillow-6.png,3.0,18.0,,,
,Pillow,Bolster,,PB1A92X22M,Heveya Natural Organic Latex Bolster - ( L92cm x ø22cm),Pcs,"1,800,000","237,922",Bolster.png,2.0,-14.0,,,
,Pillow,Other,,PREGNANCY,Heveya Pregnancy Pillow  U-Shaped,Pcs,"1,800,000","343,723",Pregnancy-Pillow.png,2.0,1.0,,,
,Pillow,Other,,TPHH2,Travel Pillow - Half Heveya 2,Pcs,"950,000","262,018",Travel-Latex-Pillow.png,4.0,16.0,,,
,Pillow,Other,,SPAPILLOW,Heveya Natural Organic Latex SPA Pillow,Pcs,"950,000","159,064",,5.0,12.0,,,
,Pillow,Other,,PB1A48X14M,Heveya Natural Organic Latex Travel Mini Bolster - ( L48cm x ø14cm),Pcs,"1,150,000","139,350",Mini-Latex-Bolster.png,6.0,49.0,,,
,Pillow,Junior,,JCP1T44X27M,Heveya Toddler Contour Pillow - 48 cm x 33 cm,Pcs,"970,000","334,304",pillow_toddler_contour.png,2.0,13.0,,,
,Pillow,Junior,,JFP1T50X30M,Heveya Toddler Flat Pillow - 55 cm x 36 cm,Pcs,"970,000","191,922",pillow_toddler_flat.png,4.0,15.0,,,
,Pillow,Junior,,JDP1B30X25M,Heveya Toddler Pillow - Baby Donut - 30cm x 25cm x 5cm,Pcs,"970,000","226,970",pillow_baby_donut.png,1.0,15.0,,,
Super King,Bamboo Bedsheet,Bamboo Fitted,,SSW2SK200X200FI,Bamboo Fitted Sheet Set + 2 Pillow Cases  - Super King (200cm x 200cm) - White,Set,"2,350,000","614,972",bamboo_fitted_sheet_set_white.png,6.0,10.0,,,
Super King,Bamboo Bedsheet,Bamboo Fitted,,SSS2SK200X200FI,Bamboo Fitted Sheet Set + 2 Pillow Cases  - Super King (200cm x 200cm) - Sand,Set,"2,350,000","614,972",bamboo_fitted_sheet_set_sand.png,6.0,43.0,,,
Super King,Bamboo Bedsheet,Bamboo Fitted,,SSG2SK200X200FI,Bamboo Fitted Sheet Set + 2 Pillow Cases  -  Super King (200cm x 200cm) - Grey,Set,"2,350,000","614,972",bamboo_fitted_sheet_set_grey.png,4.0,5.0,,,
Super King,Bamboo Bedsheet,Bamboo Fitted,,SSDG2SK200X200FI,Bamboo Fitted Sheet Set + 2 Pillow Cases  - Super King (200cm x 200cm) - Dark Grey,Set,"2,350,000","614,972",bamboo_fitted_sheet_set_dark_grey.png,7.0,19.0,,,
Super King,Bamboo Bedsheet,Bamboo Fitted,,SSSG2SK200X200FI,Bamboo Fitted Sheet Set + 2 Pillow Cases - Super King (200cm x 200cm) - Sage,Set,"2,350,000","614,972",bamboo_fitted_sheet_set_sage.png,4.0,23.0,,,
Super King,Bamboo Bedsheet,Bamboo Fitted,,SSMG2SK200X200FI,Bamboo Fitted Sheet Set + 2 Pillow Cases - Super King (200cm x 200cm) - Moss Green,Set,"2,350,000","614,972",bamboo_fitted_sheet_set_green.png,5.0,14.0,,,
Super King,Bamboo Bedsheet,Bamboo Fitted,,SSBM2SK200X200FI,Bamboo Fitted Sheet Set + 2 Pillow Cases - Super King (200cm x 200cm) - Blush Mauve,Set,"2,350,000","614,972",bamboo_fitted_sheet_set_blush_mauve.png,3.0,24.0,,,
Super King,Bamboo Bedsheet,Bamboo Fitted,,SSBO2SK200X200FI,Bamboo Fitted Sheet Set + 2 Pillow Cases  - Super King (200cm x 200cm) - Burnt Orange,Set,"2,350,000","614,972",bamboo_fitted_sheet_set_burnt_orange.png,11.0,13.0,,,
Super King,Bamboo Bedsheet,Bamboo Fitted,,SSL2SK200X200FI,Bamboo Fitted Sheet Set + 2 Pillow Cases - Super King (200cm x 200cm) - Lilac,Set,"2,350,000","614,972",,0.0,0.0,,,
King,Bamboo Bedsheet,Bamboo Fitted,,SSW2K200X180FI,Bamboo Fitted Sheet Set + 2 Pillow Cases -  King (180cm x 200cm) -  White,Set,"2,250,000","541,657",bamboo_fitted_sheet_set_white.png,6.0,51.0,,,
King,Bamboo Bedsheet,Bamboo Fitted,,SSS2K200X180FI,Bamboo Fitted Sheet Set + 2 Pillow Cases - King (180cm x 200cm) - Sand,Set,"2,250,000","541,657",bamboo_fitted_sheet_set_sand.png,6.0,45.0,,,
King,Bamboo Bedsheet,Bamboo Fitted,,SSG2K200X180FI,Bamboo Fitted Sheet Set + 2 Pillow Cases - King (180cm x 200cm) - Grey,Set,"2,250,000","541,657",bamboo_fitted_sheet_set_grey.png,6.0,32.0,,,
King,Bamboo Bedsheet,Bamboo Fitted,,SSDG2K200X180FI,Bamboo Fitted Sheet Set + 2 Pillow Cases -  King (180cm x 200cm) - Dark Grey,Set,"2,250,000","541,657",bamboo_fitted_sheet_set_dark_grey.png,7.0,10.0,,,
King,Bamboo Bedsheet,Bamboo Fitted,,SSSG2K180X200FI,Bamboo Fitted Sheet Set + 2 Pillow Cases - King (180cm x 200cm) - Sage,Set,"2,250,000","541,657",bamboo_fitted_sheet_set_sage.png,10.0,20.0,,,
King,Bamboo Bedsheet,Bamboo Fitted,,SSMG2K180X200FI,Bamboo Fitted Sheet Set + 2 Pillow Cases  - King (180cm x 200cm) - Moss Green,Set,"2,250,000","541,657",bamboo_fitted_sheet_set_green.png,5.0,25.0,,,
King,Bamboo Bedsheet,Bamboo Fitted,,SSBM2K180X200FI,Bamboo Fitted Sheet Set + 2 Pillow Cases - King (180cm x 200cm) - Blush Mauve,Set,"2,250,000","541,657",bamboo_fitted_sheet_set_blush_mauve.png,8.0,16.0,,,
King,Bamboo Bedsheet,Bamboo Fitted,,SSBO2K180X200FI,Bamboo - Fitted Sheet Set + 2 Pillow Cases - King (180cm x 200cm)  - Burnt Orange,Set,"2,250,000","541,657",bamboo_fitted_sheet_set_burnt_orange.png,7.0,20.0,,,
King,Bamboo Bedsheet,Bamboo Fitted,,SSL2K200X180FI,Bamboo Fitted Sheet Set + 2 Pillow Cases - King (180cm x 200cm) - Lilac,Set,"2,250,000","541,657",,1.0,0.0,,,
Queen,Bamboo Bedsheet,Bamboo Fitted,,SSW2Q200X160FI,Bamboo Fitted Sheet Set + 2 Pillow Cases  -  Queen (160cm x 200cm) - White,Set,"2,050,000","522,363",bamboo_fitted_sheet_set_white.png,14.0,16.0,,,
Queen,Bamboo Bedsheet,Bamboo Fitted,,SSS2Q200X160FI,Bamboo Fitted Sheet Set + 2 Pillow Cases -  Queen (160cm x 200cm) - Sand,Set,"2,050,000","522,363",bamboo_fitted_sheet_set_sand.png,2.0,13.0,,,
Queen,Bamboo Bedsheet,Bamboo Fitted,,SSG2Q200X160FI,Bamboo Fitted Sheet Set + 2 Pillow Cases -  Queen (160cm x 200cm) - Grey,Set,"2,050,000","522,363",bamboo_fitted_sheet_set_grey.png,10.0,5.0,,,
Queen,Bamboo Bedsheet,Bamboo Fitted,,SSDG2Q200X160FI,Bamboo Fitted Sheet Set + 2 Pillow Cases - Queen (160cm x 200cm) - Dark Grey,Set,"2,050,000","522,363",bamboo_fitted_sheet_set_dark_grey.png,9.0,5.0,,,
Queen,Bamboo Bedsheet,Bamboo Fitted,,SSSG2Q200X160FI,Bamboo Fitted Sheet Set + 2 Pillow Cases - Queen (160cm x 200cm) - Sage,Set,"2,050,000","522,363",bamboo_fitted_sheet_set_sage.png,4.0,8.0,,,
Queen,Bamboo Bedsheet,Bamboo Fitted,,SSMG2Q200X160FI,Bamboo Fitted Sheet Set + 2 Pillow Cases -  Queen (160cm x 200cm)  - Moss Green,Set,"2,050,000","522,363",bamboo_fitted_sheet_set_green.png,2.0,10.0,,,
Queen,Bamboo Bedsheet,Bamboo Fitted,,SSBM2Q160X200FI,Bamboo Fitted Sheet Set + 2 Pillow Cases - Queen (160cm x 200cm) - Blush Mauve,Set,"2,050,000","522,363",bamboo_fitted_sheet_set_blush_mauve.png,11.0,8.0,,,
Queen,Bamboo Bedsheet,Bamboo Fitted,,SSBO2Q160X200FI,Bamboo Fitted Sheet Set  + 2 Pillow Cases - Queen (160cm x 200cm) - Burnt Orange,Set,"2,050,000","522,363",bamboo_fitted_sheet_set_burnt_orange.png,5.0,10.0,,,
Queen,Bamboo Bedsheet,Bamboo Fitted,,SSL2Q160X200FI,,Set,,,,,,,,
Single,Bamboo Bedsheet,Bamboo Fitted,,SSW1S200X90FI,Bamboo Fitted Sheet Set + 1 Pillow Case - Single (90cm x 200cm)  - White,Set,"1,550,000","387,307",bamboo_fitted_sheet_set_white.png,7.0,10.0,,,
Single,Bamboo Bedsheet,Bamboo Fitted,,SSS1S200X90FI,Bamboo Fitted Sheet Set + 1 Pillow Case - Single (90cm x 200cm)  - Sand,Set,"1,550,000","387,307",bamboo_fitted_sheet_set_sand.png,0.0,5.0,,,
Single,Bamboo Bedsheet,Bamboo Fitted,,SSG1S200X90FI,Bamboo Fitted Sheet Set + 1 Pillow Case - Single (90cm x 200cm) - Grey,Set,"1,550,000","387,307",bamboo_fitted_sheet_set_grey.png,7.0,23.0,,,
Single,Bamboo Bedsheet,Bamboo Fitted,,SSDG1S200X90FI,Bamboo Fitted Sheet Set + 1 Pillow Case - Single (90cm x 200cm) - Dark Grey,Set,"1,550,000","387,307",bamboo_fitted_sheet_set_dark_grey.png,7.0,0.0,,,
Single,Bamboo Bedsheet,Bamboo Fitted,,SSSG1S200X90FI,Bamboo Fitted Sheet Set + 1 Pillow Case - Single (90cm x 200cm) - Sage,Set,"1,550,000","387,307",bamboo_fitted_sheet_set_sage.png,0.0,0.0,,,
Single,Bamboo Bedsheet,Bamboo Fitted,,SSMG1S200X90FI,Bamboo Fitted Sheet Set + 1 Pillow Case - Single (90cm x 200cm) - Moss Green,Set,"1,550,000","387,307",bamboo_fitted_sheet_set_green.png,5.0,5.0,,,
Single,Bamboo Bedsheet,Bamboo Fitted,,SSBM1S200X90FI,Bamboo Fitted Sheet Set + 1 Pillow Case - Single (90cm x 200cm) - Blush Mauve,Set,"1,550,000","387,307",bamboo_fitted_sheet_set_blush_mauve.png,0.0,0.0,,,
Single,Bamboo Bedsheet,Bamboo Fitted,,SSBO1S200X90FI,Bamboo Fitted Sheet Set + 1 Pillow Case - Single (90cm x 200cm) - Burnt Orange,Set,"1,550,000","387,307",bamboo_fitted_sheet_set_burnt_orange.png,0.0,0.0,,,
Single,Bamboo Bedsheet,Bamboo Fitted,,SSL1S200X90FI,,Set,,,,,,,,
Super King,Bamboo Bedsheet,Bamboo Duvet,,SSW2SK260X230DU,Bamboo Duvet Sheet Set + 2 Pillow Cases -    Super King (260cm x 230cm)  - White,Set,"2,950,000","851,846",bamboo_duvet_sheets_set_white.png,4.0,10.0,,,
Super King,Bamboo Bedsheet,Bamboo Duvet,,SSS2SK260X230DU,Bamboo Duvet Sheet Set + 2 Pillow Cases - Super King (260cm x 230cm)  - Sand,Set,"2,950,000","851,846",bamboo_duvet_sheets_set_sand.png,6.0,45.0,,,
Super King,Bamboo Bedsheet,Bamboo Duvet,,SSG2SK260X230DU,Bamboo Duvet Sheet Set + 2 Pillow Cases - Super King (260cm x 230cm) - Grey,Set,"2,950,000","851,846",bamboo_duvet_sheets_set_grey.png,4.0,10.0,,,
Super King,Bamboo Bedsheet,Bamboo Duvet,,SSDG2SK260X230DU,Bamboo Duvet Sheet Set + 2 Pillow Cases - Super King (260cm x 230cm) - Dark Grey,Set,"2,950,000","851,846",bamboo_duvet_sheets_set_darkgrey.png,3.0,9.0,,,
Super King,Bamboo Bedsheet,Bamboo Duvet,,SSSG2SK260X230DU,Bamboo Duvet Sheet Set + 2 Pillow Cases - Super King (260cm x 230cm) - Sage,Set,"2,950,000","851,846",bamboo_duvet_sheets_set_sage.png,7.0,21.0,,,
Super King,Bamboo Bedsheet,Bamboo Duvet,,SSMG2SK260X230DU,Bamboo Duvet Sheet Set + 2 Pillow Cases  -  Super King (260cm x 230cm) - Moss Green,Set,"2,950,000","851,846",bamboo_duvet_sheets_set_green.png,8.0,25.0,,,
Super King,Bamboo Bedsheet,Bamboo Duvet,,SSBM2SK260X230DU,Bamboo Duvet Sheet Set + 2 Pillow Cases - Super King (260cm x 230cm) - Blush Mauve,Set,"2,950,000","851,846",bamboo_duvet_sheets_set_blush_mauve.png,4.0,21.0,,,
Super King,Bamboo Bedsheet,Bamboo Duvet,,SSBO2SK260X230DU,Bamboo Duvet Sheet Set + 2 Pillow Cases  - Super King (260cm x 230cm) - Burnt Orange,Set,"2,950,000","851,846",bamboo_duvet_sheets_set_burnt_orange.png,6.0,18.0,,,
Super King,Bamboo Bedsheet,Bamboo Duvet,,SSL2SK260X230DU,Bamboo Duvet Sheet Set + 2 Pillow Cases - Super King (260cm x 230cm) - Lilac,Set,"2,950,000","851,846",,4.0,0.0,,,
King,Bamboo Bedsheet,Bamboo Duvet,,SSW2K240X220DU,Bamboo Duvet Sheet Set + 2 Pillow Cases - King (240cm x 220cm) - White,Set,"2,850,000","804,050",bamboo_duvet_sheets_set_white.png,7.0,28.0,,,
King,Bamboo Bedsheet,Bamboo Duvet,,SSS2K240X220DU,Bamboo Duvet Sheet Set + 2 Pillow Cases  - King (240cm x 220cm) - Sand,Set,"2,850,000","804,050",bamboo_duvet_sheets_set_sand.png,5.0,53.0,,,
King,Bamboo Bedsheet,Bamboo Duvet,,SSG2K240X220DU,Bamboo Duvet Sheet Set + 2 Pillow Cases  - King (240cm x 220cm) - Grey,Set,"2,850,000","804,050",bamboo_duvet_sheets_set_grey.png,5.0,27.0,,,
King,Bamboo Bedsheet,Bamboo Duvet,,SSDG2K240X220DU,Bamboo Duvet Sheet Set + 2 Pillow Cases  - King (240cm x 220cm) - Dark Grey,Set,"2,850,000","804,050",bamboo_duvet_sheets_set_darkgrey.png,7.0,8.0,,,
King,Bamboo Bedsheet,Bamboo Duvet,,SSSG2K240X220DU,Bamboo Duvet Sheet Set + 2 Pillow Cases - King (240cm x 220cm) - Sage,Set,"2,850,000","804,050",bamboo_duvet_sheets_set_sage.png,6.0,28.0,,,
King,Bamboo Bedsheet,Bamboo Duvet,,SSMG2K240X220DU,Bamboo Duvet Sheet Set + 2 Pillow Cases  - King (240cm x 220cm) - Moss Green,Set,"2,850,000","804,050",bamboo_duvet_sheets_set_green.png,4.0,30.0,,,
King,Bamboo Bedsheet,Bamboo Duvet,,SSBM2K240X220DU,Bamboo Duvet Sheet Set + 2 Pillow Cases - King (240cm x 220cm) - Blush Mauve,Set,"2,850,000","804,050",bamboo_duvet_sheets_set_blush_mauve.png,8.0,23.0,,,
King,Bamboo Bedsheet,Bamboo Duvet,,SSBO2K240X220DU,Bamboo - Duvet Sheet Set + 2 Pillow Cases - King (240cm x 220cm) - Burnt Orange,Set,"2,850,000","804,050",bamboo_duvet_sheets_set_burnt_orange.png,3.0,24.0,,,
King,Bamboo Bedsheet,Bamboo Duvet,,SSL2K240X220DU,Bamboo Duvet Sheet Set + 2 Pillow Cases - King (240cm x 220cm) - Lilac,Set,"2,850,000","804,050",,0.0,0.0,,,
Queen,Bamboo Bedsheet,Bamboo Duvet,,SSW2Q210X210DU,Bamboo Duvet Sheet Set + 2 Pillow Cases -   Queen (210cm x 210cm)  - White,Set,"2,650,000","753,887",bamboo_duvet_sheets_set_white.png,5.0,10.0,,,
Queen,Bamboo Bedsheet,Bamboo Duvet,,SSS2Q210X210DU,Bamboo Duvet Sheet Set + 2 Pillow Case - Queen (210cm x 210cm) - Sand,Set,"2,650,000","753,887",bamboo_duvet_sheets_set_sand.png,5.0,10.0,,,
Queen,Bamboo Bedsheet,Bamboo Duvet,,SSG2Q210X210DU,Bamboo Duvet Sheet Set + 2 Pillow Cases  -  Queen (210cm x 210cm) - Grey,Set,"2,650,000","753,887",bamboo_duvet_sheets_set_grey.png,5.0,10.0,,,
Queen,Bamboo Bedsheet,Bamboo Duvet,,SSDG2Q210X210DU,Bamboo Duvet  Sheet Set + 2 Pillow Cases - Queen (210cm x 210cm) - Dark Grey,Set,"2,650,000","753,887",bamboo_duvet_sheets_set_darkgrey.png,5.0,5.0,,,
Queen,Bamboo Bedsheet,Bamboo Duvet,,SSSG2Q210X210DU,Bamboo Duvet Sheet Set + 2 Pillow Cases - Queen (210cm x 210cm) - Sage,Set,"2,650,000","753,887",bamboo_duvet_sheets_set_sage.png,2.0,13.0,,,
Queen,Bamboo Bedsheet,Bamboo Duvet,,SSMG2Q210X210DU,Bamboo Duvet Sheet Set + 2 Pillow Cases  -  Queen (210cm x 210cm) - Moss Green,Set,"2,650,000","753,887",bamboo_duvet_sheets_set_green.png,3.0,10.0,,,
Queen,Bamboo Bedsheet,Bamboo Duvet,,SSBM2Q210X210DU,Bamboo Duvet Sheet Set + 2 Pillow Cases - Queen (210cm x 210cm) - Blush Mauve,Set,"2,650,000","753,887",bamboo_duvet_sheets_set_blush_mauve.png,2.0,13.0,,,
Queen,Bamboo Bedsheet,Bamboo Duvet,,SSBO2Q210X210DU,Bamboo Duvet Sheet Set + 2 Pillow Cases - Queen (210cm x 210cm) - Burnt Orange,Set,"2,650,000","753,887",bamboo_duvet_sheets_set_burnt_orange.png,10.0,4.0,,,
Queen,Bamboo Bedsheet,Bamboo Duvet,,SSL2Q210X210DU,,Set,,,,,,,,
Single,Bamboo Bedsheet,Bamboo Duvet,,SSW1S140X210DU,Bamboo Duvet Sheet Set + 1 Pillow Case  - Single (140cm x 210cm) - White,Set,"2,150,000","506,928",bamboo_duvet_sheets_set_white.png,7.0,35.0,,,
Single,Bamboo Bedsheet,Bamboo Duvet,,SSS1S140X210DU,Bamboo Duvet Sheet Set + 1 Pillow Cases - Single (140cm x 210cm) - Sand,Set,"2,150,000","506,928",bamboo_duvet_sheets_set_sand.png,5.0,36.0,,,
Single,Bamboo Bedsheet,Bamboo Duvet,,SSG1S140X210DU,Bamboo Duvet Sheet Set + 1 Pillow Case  -  Single (140cm x 210cm) - Grey,Set,"2,150,000","506,928",bamboo_duvet_sheets_set_grey.png,4.0,26.0,,,
Single,Bamboo Bedsheet,Bamboo Duvet,,SSDG1S140X210DU,Bamboo Duvet Sheet Set + 1 Pillow Case - Single (140cm x 210cm) - Dark Grey,Set,"2,150,000","506,928",bamboo_duvet_sheets_set_darkgrey.png,4.0,0.0,,,
Single,Bamboo Bedsheet,Bamboo Duvet,,SSSG1S140X210DU,Bamboo Duvet Sheet Set + 1 Pillow Case - Single (140cm x 210cm) - Sage,Set,"2,150,000","506,928",bamboo_duvet_sheets_set_sage.png,0.0,0.0,,,
Single,Bamboo Bedsheet,Bamboo Duvet,,SSMG1S140X210DU,Bamboo Duvet Sheet Set + 1 Pillow Case - Single (140cm x 210cm) - Moss Green,Set,"2,150,000","506,928",bamboo_duvet_sheets_set_green.png,4.0,8.0,,,
Single,Bamboo Bedsheet,Bamboo Duvet,,SSBM1S140X210DU,Bamboo Duvet Sheet Set + 1 Pillow Case - Single (140cm x 210cm) - Blush Mauve,Set,"2,150,000","506,928",bamboo_duvet_sheets_set_blush_mauve.png,0.0,0.0,,,
Single,Bamboo Bedsheet,Bamboo Duvet,,SSBO1S140X210DU,Bamboo Duvet Sheet Set + 1 Pillow Case - Single (140cm x 210cm) - Burnt Orange,Set,"2,150,000","506,928",bamboo_duvet_sheets_set_burnt_orange.png,0.0,0.0,,,
Single,Bamboo Bedsheet,Bamboo Duvet,,SSL1S140X210DU,,Set,,,,,,,,
Super King / King,Bamboo Bedsheet,Bamboo Flat,,SSW2SK300X300FL,Bamboo Flat Sheet Set + 2 Pillow Cases - Super King/King (300cm x 300cm)  - White,Set,"2,450,000","678,641",bamboo_flat_sheets_set_white.png,4.0,13.0,,,
Super King / King,Bamboo Bedsheet,Bamboo Flat,,SSS2SK300X300FL,Bamboo Flat Sheet Set + 2 Pillow Cases - Super King/King (300cm x 300cm)  - Sand,Set,"2,450,000","678,641",bamboo_flat_sheets_set_sand.png,5.0,5.0,,,
Super King / King,Bamboo Bedsheet,Bamboo Flat,,SSG2SK300X300FL,Bamboo Flat Sheet Set + 2 Pillow Cases  - Super King/King (300cm x 300cm) - Grey,Set,"2,450,000","678,641",bamboo_flat_sheets_set_grey.png,4.0,33.0,,,
Super King / King,Bamboo Bedsheet,Bamboo Flat,,SSDG2SK300X300FL,Bamboo Flat Sheet Set + 2 Pillow Cases  - Super King/King (300cm x 300cm) - Dark Grey,Set,"2,450,000","678,641",bamboo_flat_sheets_set_darkgrey.png,1.0,11.0,,,
Super King / King,Bamboo Bedsheet,Bamboo Flat,,SSSG2SK300X300FL,Bamboo Flat Sheet Set + 2 Pillow Cases - Super King/King (300cm x 300cm) - Sage,Set,"2,450,000","678,641",bamboo_flat_sheets_set_sage.png,5.0,10.0,,,
Super King / King,Bamboo Bedsheet,Bamboo Flat,,SSMG2SK300X300FL,Bamboo Flat Sheet Set + 2 Pillow Cases -  Super King/King (300cm x 300cm)  - Moss Green,Set,"2,450,000","678,641",bamboo_flat_sheets_set_green.png,7.0,9.0,,,
Super King / King,Bamboo Bedsheet,Bamboo Flat,,SSBM2SK300X300FL,Bamboo Flat Sheet Set + 2 Pillow Cases - Super King/King (300cm x 300cm) - Blush Mauve,Set,"2,450,000","678,641",bamboo_flat_sheets_set_blush_mauve.png,2.0,5.0,,,
Super King / King,Bamboo Bedsheet,Bamboo Flat,,SSBO2SK300X300FL,Bamboo Flat Sheet Set + 2 Pillow Cases - Super King/King (300cm x 300cm)  - Burnt Orange,Set,"2,450,000","678,641",bamboo_flat_sheets_set_burnt_orange.png,10.0,4.0,,,
Super King / King,Bamboo Bedsheet,Bamboo Flat,,SSL2SK300X300FL,,Set,,,,,,,,
Queen,Bamboo Bedsheet,Bamboo Flat,,SSW2Q300X250FL,Bamboo Flat Sheet Set + 2 Pillow Cases  - Queen (250cm x 300cm) - White,Set,"2,300,000","599,537",bamboo_flat_sheets_set_white.png,8.0,16.0,,,
Queen,Bamboo Bedsheet,Bamboo Flat,,SSS2Q300X250FL,Bamboo Flat Sheet Set + 2 Pillow Cases - Queen (250cm x 300cm) - Sand,Set,"2,300,000","599,537",bamboo_flat_sheets_set_sand.png,0.0,10.0,,,
Queen,Bamboo Bedsheet,Bamboo Flat,,SSG2Q300X250FL,Bamboo Flat Sheet Set + 2 Pillow Cases - Queen (250cm x 300cm) - Grey,Set,"2,300,000","599,537",bamboo_flat_sheets_set_grey.png,5.0,0.0,,,
Queen,Bamboo Bedsheet,Bamboo Flat,,SSDG2Q300X250FL,,Set,,"599,537",bamboo_flat_sheets_set_darkgrey.png,,,,,
Queen,Bamboo Bedsheet,Bamboo Flat,,SSSG2Q300X250FL,Bamboo Flat Sheet Set + 2 Pillow Cases - Queen (250cm x 300cm) - Sage,Set,"2,300,000","599,537",bamboo_flat_sheets_set_sage.png,0.0,0.0,,,
Queen,Bamboo Bedsheet,Bamboo Flat,,SSMG2Q300X250FL,Bamboo Flat Sheet Set + 2 Pillow Cases - Queen (250cm x 300cm) - Moss Green,Set,"2,300,000","599,537",bamboo_flat_sheets_set_green.png,0.0,0.0,,,
Queen,Bamboo Bedsheet,Bamboo Flat,,SSBM2Q300X250FL,Bamboo Flat Sheet Set + 2 Pillow Cases - Queen (250cm x 300cm) - Blush Mauve,Set,"2,300,000","599,537",bamboo_flat_sheets_set_blush_mauve.png,0.0,0.0,,,
Queen,Bamboo Bedsheet,Bamboo Flat,,SSBO2Q300X250FL,Bamboo Flat Sheet Set + 2 Pillow Cases - Queen (250cm x 300cm) - Burnt Orange,Set,"2,300,000","599,537",bamboo_flat_sheets_set_burnt_orange.png,0.0,0.0,,,
Queen,Bamboo Bedsheet,Bamboo Flat,,SSL2Q300X250FL,,Set,,"599,537",,,,,,
Pillow Cases,Bamboo Bedsheet,Bamboo Pillow Cases,,PCW2OS75X50,Bamboo Pillow Cases Set (2 Pillow Cases) - 50 cm x 75 cm - White,Set,"900,000","252,252",bamboo_pillowcase_white.png,,,,,
Pillow Cases,Bamboo Bedsheet,Bamboo Pillow Cases,,PCS2OS75X50,Bamboo Pillow Cases Set (2 Pillow Cases) - 50 cm x 75 cm - Sand,Set,"900,000","252,252",bamboo_pillowcase_sand.png,,,,,
Pillow Cases,Bamboo Bedsheet,Bamboo Pillow Cases,,PCG2OS75X50,Bamboo Pillow Cases Set (2 Pillow Cases) - 50 cm x 75 cm - Grey,Set,"900,000","252,252",bamboo_pillowcase_grey.png,,,,,
Pillow Cases,Bamboo Bedsheet,Bamboo Pillow Cases,,PCDG2OS75X50,Bamboo Pillow Cases Set (2 Pillow Cases) - 50 cm x 75 cm - Dark Grey,Set,"900,000","252,252",bamboo_pillowcase_darkgrey.png,1.0,15.5,,,
Pillow Cases,Bamboo Bedsheet,Bamboo Pillow Cases,,PCSG2OS75X50,Bamboo Pillow Cases Set (2 Pillow Cases) - 50 cm x 75 cm - Sage,Set,"900,000","252,252",bamboo_pillowcase_sage.png,4.0,10.5,,,
Pillow Cases,Bamboo Bedsheet,Bamboo Pillow Cases,,PCMG2OS75X50,Bamboo Pillow Cases Set (2 Pillow Cases) - 50 cm x 75 cm - Moss Green,Set,"900,000","252,252",bamboo_pillowcase_green.png,11.5,10.0,,,
Pillow Cases,Bamboo Bedsheet,Bamboo Pillow Cases,,PCBM2OS75X50,Bamboo Pillow Cases Set (2 Pillow Cases) - 50 cm x 75 cm - Blush Mauve,Set,"900,000","252,252",bamboo_pillowcase_blushmauve.png,7.5,5.0,,,
Pillow Cases,Bamboo Bedsheet,Bamboo Pillow Cases,,PCBO2OS75X50,Bamboo Pillow Cases Set (2 Pillow Cases) -  50 cm x 75 cm  - Burnt Orange,Set,"900,000","252,252",bamboo_pillowcase_burntorange.png,6.0,4.5,,,
Pillow Cases,Bamboo Bedsheet,Bamboo Pillow Cases,,PCL2OS75X50,,Set,,,,,,,,
Bolster Case,Bamboo Bedsheet,Bamboo Bolster Case,,BCW1OS91X34,Bamboo Bolster Case Set (1 Bolster Case) - ø34.5 cm x L91 cm - White,Pcs,"650,000","171,219",bamboo_pillow_bolster_white.png,,,,,
Bolster Case,Bamboo Bedsheet,Bamboo Bolster Case,,BCS1OS91X34,Bamboo Bolster Case Set (1 Bolster Case) - ø34.5 cm x L91 cm - Sand,Pcs,"650,000","171,219",bamboo_pillow_bolster_sand.png,0.0,24.0,,,
Bolster Case,Bamboo Bedsheet,Bamboo Bolster Case,,BCG1OS91X34,Bamboo Bolster Case Set (1 Bolster Case) - ø34.5 cm x L91 cm - Grey,Pcs,"650,000","171,219",bamboo_pillow_bolster_grey.png,6.0,19.0,,,
Bolster Case,Bamboo Bedsheet,Bamboo Bolster Case,,BCDG1OS91X34,Bamboo Bolster Case Set (1 Bolster Case) - ø34.5 cm x L91 cm - Dark Grey,Pcs,"650,000","171,219",bamboo_pillow_bolster_darkgrey.png,14.0,2.0,,,
Bolster Case,Bamboo Bedsheet,Bamboo Bolster Case,,BCSG1OS91X34,Bamboo Bolster Case Set (1 Bolster Case) - ø34.5 cm x L91 cm - Sage,Pcs,"650,000","171,219",bamboo_pillow_bolster_sage.png,4.0,17.0,,,
Bolster Case,Bamboo Bedsheet,Bamboo Bolster Case,,BCMG1OS91X34,Bamboo Bolster Case Set (1 Bolster Case) - ø34.5 cm x L91 cm - Moss Green,Pcs,"650,000","171,219",bamboo_pillow_bolster_green.png,15.0,21.0,,,
Bolster Case,Bamboo Bedsheet,Bamboo Bolster Case,,BCBM1OS91X34,Bamboo Bolster Case Set (1 Bolster Case) - ø34.5 cm x L91 cm - Blush Mauve,Pcs,"650,000","171,219",bamboo_pillow_bolster_blushmauve.png,16.0,14.0,,,
Bolster Case,Bamboo Bedsheet,Bamboo Bolster Case,,BCBO1OS91X34,Bamboo Bolster Case Set (1 Bolster Case) - ø34.5 cm x L91 cm - Burnt Orange,Pcs,"650,000","171,219",bamboo_pillow_bolster_burntorange.png,6.0,14.0,,,
Bolster Case,Bamboo Bedsheet,Bamboo Bolster Case,,BCL1OS91X34,,Pcs,,,,,,,,
Super King,Linen Bedsheet,Linen Fitted,,LSPW2SK200X200FI,Linen Fitted Sheet Set + 2 Pillow Cases - Super King (200cm x 200cm) - White,Set,"3,550,000","1,086,316",linen_fitted_sheet_set_white.png,3.0,51.0,,,
Super King,Linen Bedsheet,Linen Fitted,,LSN2SK200X200FI,Linen Fitted Sheet Set + 2 Pillow Cases  - Super King (200cm x 200cm) - Natural,Set,"3,550,000","1,086,316",linen_fitted_sheet_set_natural,5.0,21.0,,,
Super King,Linen Bedsheet,Linen Fitted,,LSCG2SK200X200FI,Linen Fitted Sheet Set + 2 Pillow Cases - Super King (200cm x 200cm) - Charcoal Grey,Set,"3,550,000","1,086,316",linen_fitted_sheet_set_charcoal_grey.png,4.0,51.0,,,
Super King,Linen Bedsheet,Linen Fitted,,LSPS2SK200X200FI,Linen Fitted Sheet Set + 2 Pillow Cases  -  Super King (200cm x 200cm) - Pinstriped,Set,"3,550,000","1,086,316",linen_fitted_sheet_set_pinstripe.png,6.0,42.0,,,
Super King,Linen Bedsheet,Linen Fitted,,LSO2SK200X200FI,Linen Fitted  Sheet Set + 2 Pillow Cases - Super King (200cm x 200cm) - Olive,Set,"3,550,000","1,086,316",linen_fitted_sheet_set_olive.png,7.0,18.0,,,
Super King,Linen Bedsheet,Linen Fitted,,LSOS2SK200X200FI,Linen  Fitted  Sheet Set + 2 Pillow Cases - Super King (200cm x 200cm) - Olive Stripe,Set,"3,550,000","1,086,316",linen_fitted_sheet_set_olivestripe.png,3.0,9.0,,,
Super King,Linen Bedsheet,Linen Fitted,,LSHZ2SK200X200FI,Linen Fitted Sheet Set + 2 Pillow Cases - Super King (200cm x 200cm) - Hazelnut,Set,"3,550,000","1,086,316",linen_fitted_sheet_set_hazelnut.png,0.0,2.0,,,
Super King,Linen Bedsheet,Linen Fitted,,LSP2SK200X200FI,Linen Fitted Sheet Set + 2 Pillow Cases - Super King (200cm x 200cm) - Peach,Set,"3,550,000","1,086,316",linen_fitted_sheet_set_peach.png,5.0,0.0,,,
Super King,Linen Bedsheet,Linen Fitted,,LSM2SK200X200FI,Linen Fitted Sheet Set + 2 Pillow Cases - Super King (200cm x 200cm) - Mustard,Set,"3,550,000","1,086,316",linen_fitted_sheet_set_mustard.png,2.0,8.0,,,
King,Linen Bedsheet,Linen Fitted,,LSPW2K200X180FI,Linen Fitted Sheet Set + 2 Pillow Cases - King (180cm x 200cm)  - White,Set,"3,350,000","1,022,647",linen_fitted_sheet_set_white.png,4.0,35.0,,,
King,Linen Bedsheet,Linen Fitted,,LSN2K200X180FI,Linen Fitted Sheet Set + 2 Pillow Cases - King (180cm x 200cm)  - Natural,Set,"3,350,000","1,022,647",linen_fitted_sheet_set_natural,3.0,13.0,,,
King,Linen Bedsheet,Linen Fitted,,LSCG2K200X180FI,Linen Fitted Sheet Set + 2 Pillow Cases  - King (180cm x 200cm) - Charcoal Grey,Set,"3,350,000","1,022,647",linen_fitted_sheet_set_charcoal_grey.png,3.0,28.0,,,
King,Linen Bedsheet,Linen Fitted,,LSPS2K200X180FI,Linen Fitted Sheet Set + 2 Pillow Cases - King (180cm x 200cm)  - Pinstriped,Set,"3,350,000","1,022,647",linen_fitted_sheet_set_pinstripe.png,5.0,44.0,,,
King,Linen Bedsheet,Linen Fitted,,LSO2K200X180FI,Linen  Fitted  Sheet Set + 2 Pillow Cases - King (180cm x 200cm) - Olive,Set,"3,350,000","1,022,647",linen_fitted_sheet_set_olive.png,3.0,9.0,,,
King,Linen Bedsheet,Linen Fitted,,LSOS2K200X180FI,Linen  Fitted Sheet Set + 2 Pillow Cases - King (180cm x 200cm) - Olive Stripe,Set,"3,350,000","1,022,647",linen_fitted_sheet_set_olivestripe.png,4.0,10.0,,,
King,Linen Bedsheet,Linen Fitted,,LSHZ2K200X180FI,Linen Fitted Sheet Set + 2 Pillow Cases - King (180cm x 200cm) - Hazelnut,Set,"3,350,000","1,022,647",linen_fitted_sheet_set_hazelnut.png,1.0,5.0,,,
King,Linen Bedsheet,Linen Fitted,,LSP2K200X180FI,Linen Fitted Sheet Set + 2 Pillow Cases - King (180cm x 200cm) - Peach,Set,"3,350,000","1,022,647",linen_fitted_sheet_set_peach.png,3.0,0.0,,,
King,Linen Bedsheet,Linen Fitted,,LSM2K200X180FI,Linen Fitted Sheet Set + 2 Pillow Cases - King (180cm x 200cm) - Mustard,Set,"3,350,000","1,022,647",linen_fitted_sheet_set_mustard.png,2.0,15.0,,,
Queen,Linen Bedsheet,Linen Fitted,,LSPW2Q200X160FI,Linen Fitted Sheet Set + 2 Pillow Cases  - Queen (160cm x 200cm) - White,Set,"2,950,000","973,255",linen_fitted_sheet_set_white.png,5.0,5.0,,,
Queen,Linen Bedsheet,Linen Fitted,,LSN2Q200X160FI,Linen Fitted Sheet Set + 2 Pillow Cases - Queen (160cm x 200cm) - Natural,Set,"2,950,000","973,255",linen_fitted_sheet_set_natural,8.0,10.0,,,
Queen,Linen Bedsheet,Linen Fitted,,LSCG2Q200X160FI,Linen Fitted Sheet Set + 2 Pillow Cases - Queen (160cm x 200cm) - Charcoal Grey,Set,"2,950,000","973,255",linen_fitted_sheet_set_charcoal_grey.png,13.0,0.0,,,
Queen,Linen Bedsheet,Linen Fitted,,LSPS2Q200X160FI,Linen  Fitted Sheet Set + 2 Pillow Cases - Queen (160cm x 200cm) - Pinstriped,Set,"2,950,000","973,255",linen_fitted_sheet_set_pinstripe.png,2.0,7.0,,,
Queen,Linen Bedsheet,Linen Fitted,,LSO2Q200X160FI,Linen Fitted Sheet Set + 2 Pillow Cases - Queen (160cm x 200cm) - Olive,Set,"2,950,000","973,255",linen_fitted_sheet_set_olive.png,4.0,5.0,,,
Queen,Linen Bedsheet,Linen Fitted,,LSOS2Q200X160FI,Linen Fitted Sheet Set + 2 Pillow Cases - Queen (160cm x 200cm) - Olive Stripe,Set,"2,950,000","973,255",linen_fitted_sheet_set_olivestripe.png,5.0,9.0,,,
Queen,Linen Bedsheet,Linen Fitted,,LSHZ2Q200X160FI,Linen Fitted Sheet Set + 2 Pillow Cases - Queen (160cm x 200cm) - Hazelnut,Set,"2,950,000","973,255",linen_fitted_sheet_set_hazelnut.png,4.0,0.0,,,
Queen,Linen Bedsheet,Linen Fitted,,LSP2Q200X160FI,Linen Fitted Sheet Set + 2 Pillow Cases - Queen (160cm x 200cm) - Peach,Set,"2,950,000","973,255",linen_fitted_sheet_set_peach.png,1.0,0.0,,,
Queen,Linen Bedsheet,Linen Fitted,,LSM2Q200X160FI,Linen Fitted Sheet Set + 2 Pillow Cases - Queen (160cm x 200cm) - Mustard,Set,"2,950,000","973,255",linen_fitted_sheet_set_mustard.png,2.0,3.0,,,
Single,Linen Bedsheet,Linen Fitted,,LSPW1S200X90FI,Linen Fitted Sheet Set + 1 Pillow Case  -   Single (90cm x 200cm) - White,Set,"2,250,000","676,712",linen_fitted_sheet_set_white.png,5.0,37.0,,,
Single,Linen Bedsheet,Linen Fitted,,LSN1S200X90FI,Linen Fitted Sheet Set + 1 Pillow Case - Single (90cm x 200cm) - Natural,Set,"2,250,000","676,712",linen_fitted_sheet_set_natural,5.0,19.0,,,
Single,Linen Bedsheet,Linen Fitted,,LSCG1S200X90FI,,Set,"2,250,000","676,712",linen_fitted_sheet_set_charcoal_grey.png,,,,,
Single,Linen Bedsheet,Linen Fitted,,LSPS1S200X90FI,Linen Fitted Sheet Set + 1 Pillow Case - Single (90cm x 200cm) - Pinstripe,Set,"2,250,000","676,712",linen_fitted_sheet_set_pinstripe.png,0.0,0.0,,,
Single,Linen Bedsheet,Linen Fitted,,LSO1S200X90FI,Linen Fitted Sheet Set + 1 Pillow Case - Single (90cm x 200cm) - Olive,Set,"2,250,000","676,712",linen_fitted_sheet_set_olive.png,0.0,0.0,,,
Single,Linen Bedsheet,Linen Fitted,,LSOS1S200X90FI,,Set,"2,250,000","676,712",linen_fitted_sheet_set_olivestripe.png,,,,,
Single,Linen Bedsheet,Linen Fitted,,LSHZ1S200X90FI,,Set,"2,250,000","676,712",linen_fitted_sheet_set_hazelnut.png,,,,,
Single,Linen Bedsheet,Linen Fitted,,LSP1S200X90FI,,Set,"2,250,000","676,712",linen_fitted_sheet_set_peach.png,,,,,
Single,Linen Bedsheet,Linen Fitted,,LSM1S200X90FI,,Set,"2,250,000","676,712",linen_fitted_sheet_set_mustard.png,,,,,
Super King,Linen Bedsheet,Linen Duvet,,LSPW2SK260X230DU,Linen Duvet Sheet Set + 2 Pillow Cases - Super King (260cm x 230cm)  - White,Set,"4,650,000","1,590,073",linen_duvet_sheet_set_white.png,7.0,45.0,,,
Super King,Linen Bedsheet,Linen Duvet,,LSN2SK260X230DU,Linen Duvet Sheet Set + 2 Pillow Cases - Super King (260cm x 230cm)  - Natural,Set,"4,650,000","1,590,073",linen_duvet_sheet_set_natural.png,0.0,25.0,,,
Super King,Linen Bedsheet,Linen Duvet,,LSCG2SK260X230DU,Linen Duvet Sheet Set + 2 Pillow Cases - Super King (260cm x 230cm)  - Charcoal Grey,Set,"4,650,000","1,590,073",linen_duvet_sheet_set_charcoal_grey.png,3.0,39.0,,,
Super King,Linen Bedsheet,Linen Duvet,,LSPS2SK260X230DU,Linen Duvet Sheet Set + 2 Pillow Cases - Super King (260cm x 230cm) - Pinstriped,Set,"4,650,000","1,590,073",linen_duvet_sheet_set_pinstripe.png,5.0,35.0,,,
Super King,Linen Bedsheet,Linen Duvet,,LSO2SK260X230DU,Linen  Duvet  Sheet Set + 2 Pillow Cases - Super King (260cm x 230cm) - Olive,Set,"4,650,000","1,590,073",linen_duvet_sheet_set_olive.png,3.0,14.0,,,
Super King,Linen Bedsheet,Linen Duvet,,LSOS2SK260X230DU,Linen  Duvet  Sheet Set + 2 Pillow Cases - Super King (260cm x 230cm) - Olive Stripe,Set,"4,650,000","1,590,073",linen_duvet_sheet_set_olivestripe.png,4.0,7.0,,,
Super King,Linen Bedsheet,Linen Duvet,,LSHZ2SK260X230DU,Linen Duvet Sheet Set + 2 Pillow Cases - Super King (260cm x 230cm) - Hazelnut,Set,"4,650,000","1,590,073",linen_duvet_sheet_set_hazelnut.png,7.0,5.0,,,
Super King,Linen Bedsheet,Linen Duvet,,LSP2SK260X230DU,Linen Duvet Sheet Set + 2 Pillow Cases - Super King (260cm x 230cm) - Peach,Set,"4,650,000","1,590,073",linen_duvet_sheet_set_peach.png,5.0,0.0,,,
Super King,Linen Bedsheet,Linen Duvet,,LSM2SK260X230DU,Linen Duvet Sheet Set + 2 Pillow Cases - Super King (260cm x 230cm) - Mustard,Set,"4,650,000","1,590,073",linen_duvet_sheet_set_mustard.png,4.0,8.0,,,
King,Linen Bedsheet,Linen Duvet,,LSPW2K240X220DU,Linen Duvet Sheet Set + 2 Pillow Cases - King (240cm x 220cm) - White,Set,"4,250,000","1,362,408",linen_duvet_sheet_set_white.png,5.0,43.0,,,
King,Linen Bedsheet,Linen Duvet,,LSN2K240X220DU,Linen Duvet Sheet Set + 2 Pillow Cases - King (240cm x 220cm) - Natural,Set,"4,250,000","1,362,408",linen_duvet_sheet_set_natural.png,3.0,35.0,,,
King,Linen Bedsheet,Linen Duvet,,LSCG2K240X220DU,Linen Duvet Sheet Set + 2 Pillow Cases - King (240cm x 220cm) - Charcoal Grey,Set,"4,250,000","1,362,408",linen_duvet_sheet_set_charcoal_grey.png,3.0,18.0,,,
King,Linen Bedsheet,Linen Duvet,,LSPS2K240X220DU,Linen Duvet Sheet Set + 2 Pillow Cases - King (240cm x 220cm) - Pinstriped,Set,"4,250,000","1,362,408",linen_duvet_sheet_set_pinstripe.png,4.0,24.0,,,
King,Linen Bedsheet,Linen Duvet,,LSO2K240X220DU,Linen  Duvet Sheet Set + 2 Pillow Cases - King (240cm x 220cm) - Olive,Set,"4,250,000","1,362,408",linen_duvet_sheet_set_olive.png,4.0,14.0,,,
King,Linen Bedsheet,Linen Duvet,,LSOS2K240X220DU,Linen Duvet Sheet Set + 2 Pillow Cases - King (240cm x 220cm) - Olive Stripe,Set,"4,250,000","1,362,408",linen_duvet_sheet_set_olivestripe.png,5.0,13.0,,,
King,Linen Bedsheet,Linen Duvet,,LSHZ2K240X220DU,Linen Duvet Sheet Set + 2 Pillow Cases - King (240cm x 220cm) - Hazelnut,Set,"4,250,000","1,362,408",linen_duvet_sheet_set_hazelnut.png,2.0,3.0,,,
King,Linen Bedsheet,Linen Duvet,,LSP2K240X220DU,Linen Duvet Sheet Set + 2 Pillow Cases - King (240cm x 220cm) - Peach,Set,"4,250,000","1,362,408",linen_duvet_sheet_set_peach.png,1.0,0.0,,,
King,Linen Bedsheet,Linen Duvet,,LSM2K240X220DU,Linen Duvet Sheet Set + 2 Pillow Cases - King (240cm x 220cm) - Mustard,Set,"4,250,000","1,362,408",linen_duvet_sheet_set_mustard.png,2.0,13.0,,,
Queen,Linen Bedsheet,Linen Duvet,,LSPW2Q210X210DU,Linen Duvet Sheet Set + 2 Pillow Cases - Queen (210cm x 210cm)  - White,Set,"3,950,000","1,205,358",linen_duvet_sheet_set_white.png,12.0,9.0,,,
Queen,Linen Bedsheet,Linen Duvet,,LSN2Q210X210DU,Linen Duvet Sheet Set + 2 Pillow Cases - Queen (210cm x 210cm) - Natural,Set,"3,950,000","1,205,358",linen_duvet_sheet_set_natural.png,4.0,18.0,,,
Queen,Linen Bedsheet,Linen Duvet,,LSCG2Q210X210DU,Linen Duvet Sheet Set + 2 Pillow Cases - Queen (210cm x 210cm) - Charcoal Grey,Set,"3,950,000","1,205,358",linen_duvet_sheet_set_charcoal_grey.png,5.0,0.0,,,
Queen,Linen Bedsheet,Linen Duvet,,LSPS2Q210X210DU,Linen Duvet Sheet Set + 2 Pillow Cases - Queen (210cm x 210cm) - Pinstriped,Set,"3,950,000","1,205,358",linen_duvet_sheet_set_pinstripe.png,3.0,5.0,,,
Queen,Linen Bedsheet,Linen Duvet,,LSO2Q210X210DU,Linen Duvet Sheet Set + 2 Pillow Cases - Queen (210cm x 210cm) - Olive,Set,"3,950,000","1,205,358",linen_duvet_sheet_set_olive.png,8.0,5.0,,,
Queen,Linen Bedsheet,Linen Duvet,,LSOS2Q210X210DU,Linen Duvet Sheet Set + 2 Pillow Cases - Queen (210cm x 210cm) - Olive Stripe,Set,"3,950,000","1,205,358",linen_duvet_sheet_set_olivestripe.png,5.0,2.0,,,
Queen,Linen Bedsheet,Linen Duvet,,LSHZ2Q210X210DU,Linen Duvet Sheet Set + 2 Pillow Cases - Queen (210cm x 210cm) - Hazelnut,Set,"3,950,000","1,205,358",linen_duvet_sheet_set_hazelnut.png,5.0,0.0,,,
Queen,Linen Bedsheet,Linen Duvet,,LSP2Q210X210DU,Linen Duvet Sheet Set + 2 Pillow Cases - Queen (210cm x 210cm) - Peach,Set,"3,950,000","1,205,358",linen_duvet_sheet_set_peach.png,0.0,0.0,,,
Queen,Linen Bedsheet,Linen Duvet,,LSM2Q210X210DU,Linen Duvet Sheet Set + 2 Pillow Cases - Queen (210cm x 210cm) - Mustard,Set,"3,950,000","1,205,358",linen_duvet_sheet_set_mustard.png,2.0,3.0,,,
Single,Linen Bedsheet,Linen Duvet,,LSPW1S140X210DU,Linen Duvet Sheet Set + 1 Pillow Case - Single (140cm x 210cm) - White,Set,"2,950,000","858,072",linen_duvet_sheet_set_white.png,3.0,31.0,,,
Single,Linen Bedsheet,Linen Duvet,,LSN1S140X210DU,,Set,"2,950,000","858,072",,,,,,
Single,Linen Bedsheet,Linen Duvet,,LSCG1S140X210DU,,Set,"2,950,000","858,072",,,,,,
Single,Linen Bedsheet,Linen Duvet,,LSPS1S140X210DU,,Set,"2,950,000","858,072",,,,,,
Single,Linen Bedsheet,Linen Duvet,,LSO1S140X210DU,,Set,"2,950,000","858,072",,,,,,
Single,Linen Bedsheet,Linen Duvet,,LSOS1S140X210DU,,Set,"2,950,000","858,072",,,,,,
Single,Linen Bedsheet,Linen Duvet,,LSHZ1S140X210DU,,Set,"2,950,000","858,072",,,,,,
Single,Linen Bedsheet,Linen Duvet,,LSP1S140X210DU,,Set,"2,950,000","858,072",,,,,,
Single,Linen Bedsheet,Linen Duvet,,LSM1S140X210DU,,Set,"2,950,000","858,072",,,,,,
Super King / King,Linen Bedsheet,Linen Flat,,LSPW2SK300X300FL,Linen Flat Sheet Set + 2 Pillow Cases - Super King/King (300cm x 300cm)  - White,Set,"3,950,000","1,205,358",linen_flat_sheets_white.png,3.0,27.0,,,
Super King / King,Linen Bedsheet,Linen Flat,,LSN2SK300X300FL,Linen Flat Sheet Set + 2 Pillow Cases  - Super King/King (300cm x 300cm)  - Natural,Set,"3,950,000","1,205,358",linen_flat_sheets_natural.png,2.0,13.0,,,
Super King / King,Linen Bedsheet,Linen Flat,,LSCG2SK300X300FL,Linen Flat Sheet Set + 2 Pillow Cases  - Super King/King (300cm x 300cm) - Charcoal Grey,Set,"3,950,000","1,205,358",linen_flat_sheets_charcoal_grey.png,8.0,0.0,,,
Super King / King,Linen Bedsheet,Linen Flat,,LSPS2SK300X300FL,Linen Flat Sheet Set + 2 Pillow Cases  - Super King/King (300cm x 300cm) - Pinstriped,Set,"3,950,000","1,205,358",linen_flat_sheets_pinstripe.png,5.0,11.0,,,
Super King / King,Linen Bedsheet,Linen Flat,,LSO2SK300X300FL,Linen Flat Sheet Set + 2 Pillow Cases - Super King/King (300cm x 300cm) - Olive,Set,"3,950,000","1,205,358",linen_flat_sheets_olive.png,1.0,12.0,,,
Super King / King,Linen Bedsheet,Linen Flat,,LSOS2SK300X300FL,Linen Flat Sheet Set + 2 Pillow Cases - Super King/King (300cm x 300cm) - Olive Stripe,Set,"3,950,000","1,205,358",linen_flat_sheets_olivestripe.png,6.0,20.0,,,
Super King / King,Linen Bedsheet,Linen Flat,,LSHZ2SK300X300FL,Linen Flat Sheet Set + 2 Pillow Cases - Super King/King (300cm x 300cm) - Hazelnut,Set,"3,950,000","1,205,358",linen_flat_sheets_hazelnut.png,,,,,
Super King / King,Linen Bedsheet,Linen Flat,,LSP2SK300X300FL,Linen Flat Sheet Set + 2 Pillow Cases - Super King/King (300cm x 300cm) - Peach,Set,"3,950,000","1,205,358",linen_flat_sheets_peach.png,2.0,0.0,,,
Super King / King,Linen Bedsheet,Linen Flat,,LSM2SK300X300FL,Linen Flat Sheet Set + 2 Pillow Cases - Super King/King (300cm x 300cm) - Mustard,Set,"3,950,000","1,205,358",linen_flat_sheets_mustard.png,2.0,3.0,,,
Queen,Linen Bedsheet,Linen Flat,,LSPW2Q300X250FL,,Set,"3,650,000","1,166,771",linen_flat_sheets_white.png,,,,,
Queen,Linen Bedsheet,Linen Flat,,LSN2Q250X300FL,Linen Flat Sheet Set + 2 Pillow Cases - Queen (250cm x 300cm)  - Natural,Set,"3,650,000","1,166,771",linen_flat_sheets_natural.png,3.0,10.0,,,
Queen,Linen Bedsheet,Linen Flat,,LSCG2Q300X250FL,,Set,"3,650,000","1,166,771",,,,,,
Queen,Linen Bedsheet,Linen Flat,,LSPS2Q300X250FL,,Set,"3,650,000","1,166,771",,,,,,
Queen,Linen Bedsheet,Linen Flat,,LSO2Q300X250FL,,Set,"3,650,000","1,166,771",,,,,,
Queen,Linen Bedsheet,Linen Flat,,LSOS2Q300X250FL,,Set,"3,650,000","1,166,771",,,,,,
Queen,Linen Bedsheet,Linen Flat,,LSHZ2Q300X250FL,,Set,"3,650,000","1,166,771",,,,,,
Queen,Linen Bedsheet,Linen Flat,,LSP2Q300X250FL,,Set,"3,650,000","1,166,771",,,,,,
Queen,Linen Bedsheet,Linen Flat,,LSM2Q300X250FL,,Set,"3,650,000","1,166,771",,,,,,
Pillow Cases,Linen Bedsheet,Linen Pillow Cases,,PCPW2OS75X50,Linen Pillow Cases Set (2 Pillow Cases) -  50 cm x 75 cm  - White,Set,"1,250,000","368,014",linen_pillowcase_white.png,24.0,45.0,,,
Pillow Cases,Linen Bedsheet,Linen Pillow Cases,,PCN2OS75X50,Linen Pillow Cases Set (2 Pillow Cases) -  50cm x 75cm  - Natural,Set,"1,250,000","368,014",linen_pillowcase_natural.png,14.0,41.0,,,
Pillow Cases,Linen Bedsheet,Linen Pillow Cases,,PCCG2OS75X50,Linen Pillow Cases Set (2 Pillow Cases) -  50cm x 75cm  - Charcoal Grey,Set,"1,250,000","368,014",linen_pillowcase_charcoal_grey.png,,,,,
Pillow Cases,Linen Bedsheet,Linen Pillow Cases,,PCPS2OS75X50,Linen Pillow Cases Set (2 Pillow Cases) -  50cm x 75cm  - Pinstriped,Set,"1,250,000","368,014",linen_pillowcase_pinstripe.png,,,,,
Pillow Cases,Linen Bedsheet,Linen Pillow Cases,,PCO2OS75X50,Linen Pillow Cases Set (2 Pillow Cases) - 50cm x 75cm - Olive,Set,"1,250,000","368,014",linen_pillowcase_olive.png,,,,,
Pillow Cases,Linen Bedsheet,Linen Pillow Cases,,PCOS2OS75X50,Linen Pillow Cases Set (2 Pillow Cases) - 50cm x 75cm - Olive Stripe,Set,"1,250,000","368,014",linen_pillowcase_olivestripe.png,,,,,
Pillow Cases,Linen Bedsheet,Linen Pillow Cases,,PCHZ2OS75X50,Linen Pillow Cases Set (2 Pillow Cases) - 50 cm x 75 cm -  Hazelnut,Set,"1,250,000","368,014",linen_pillowcase_hazelnut.png,,,,,
Pillow Cases,Linen Bedsheet,Linen Pillow Cases,,PCP2OS75X50,Linen Pillow Cases Set (2 Pillow Cases) - 50 cm x 75 cm - Peach,Set,"1,250,000","368,014",linen_pillowcase_peach.png,,,,,
Pillow Cases,Linen Bedsheet,Linen Pillow Cases,,PCM2OS75X50,Linen Pillow Cases Set (2 Pillow Cases) - 50cm x 75cm - Mustard,Set,"1,250,000","368,014",linen_pilllowcase_mustard.png,2.0,13.0,,,
Bolster Case,Linen Bedsheet,Linen Bolster Case,,BCPW1OS91X34,Linen Bolster Case Set (1 Bolster Case) - ø34.5cm x L91cm  - White,Pcs,"850,000","217,523",linen_bolstercase_white.png,31.0,2.0,,,
Bolster Case,Linen Bedsheet,Linen Bolster Case,,BCN1OS91X34,Linen Bolster Case Set (1 Bolster Case) - ø34.5cm x L91cm - Natural,Pcs,"850,000","217,523",linen_bolstercase_natural.png,11.0,0.0,,,
Bolster Case,Linen Bedsheet,Linen Bolster Case,,BCCG1OS91X34,Linen Bolster Case Set (1 Bolster Case) - ø34.5cm x L91cm  - Charcoal Grey,Pcs,"850,000","217,523",linen_bolstercase_charcoal.png,,,,,
Bolster Case,Linen Bedsheet,Linen Bolster Case,,BCPS1OS91X34,Linen Bolster Case Set (1 Bolster Case) - ø34.5cm x L91cm  - Pinstriped,Pcs,"850,000","217,523",linen_bolstercase_pinstripe.png,,,,,
Bolster Case,Linen Bedsheet,Linen Bolster Case,,BCO1OS91X34,Linen Bolster Case Set (1 Bolster Case) - ø34.5cm x L91cm - Olive,Pcs,"850,000","217,523",linen_bolstercase_olive.png,,,,,
Bolster Case,Linen Bedsheet,Linen Bolster Case,,BCOS1OS91X34,Linen Bolster Case Set (1 Bolster Case) - ø34.5cm x L91cm - Olive Stripe,Pcs,"850,000","217,523",linen_bolstercase_olivestripe.png,,,,,
Bolster Case,Linen Bedsheet,Linen Bolster Case,,BCHZ1OS91X34,Linen Bolster Case Set (1 Bolster Case) - ø34.5cm x L91cm - Hazelnut,Pcs,"850,000","217,523",linen_bolstercase_hazelnut.png,,,,,
Bolster Case,Linen Bedsheet,Linen Bolster Case,,BCP1OS91X34,Linen Bolster Case Set (1 Bolster Case) - ø34.5cm x L91cm - Peach,Pcs,"850,000","217,523",linen_bolstercase_peach.png,,,,,
Bolster Case,Linen Bedsheet,Linen Bolster Case,,BCM1OS91X34,Linen Bolster Case Set (1 Bolster Case) - ø34.5cm x L91cm - Mustard,Pcs,"850,000","217,523",linen_bolstercase_mustard.png,,,,,
Super King,Bamboo Cotton,Bamboo Cotton Fitted,,BCSW2SK200X200FI,Bamboo Cotton Fitted Sheet Set +  2 Pillow Cases - Super King (200cm x 200cm) - White,Set,"2,350,000","614,972",Bamboo-Cotton-Sheets-Fitted-White.png,,,,,
Super King,Bamboo Cotton,Bamboo Cotton Fitted,,BCSS2SK200X200FI,Bamboo Cotton Fitted Sheet Set + 2 Pillow Cases - Super King (200cm x 200cm) - Sand,Set,"2,350,000","614,972",Bamboo-Cotton-Sheets-Fitted-White.png,,,,,
King,Bamboo Cotton,Bamboo Cotton Fitted,,BCSW2K200X180FI,Bamboo Cotton  Fitted Sheet Set + 2 Pillow Cases - King (180cm x 200cm) - White,Set,"2,250,000","541,657",Bamboo-Cotton-Sheets-Fitted-White.png,,,,,
King,Bamboo Cotton,Bamboo Cotton Fitted,,BCSS2K200X180FI,Bamboo Cotton Fitted Sheet Set + 2 Pillow Cases - King (180cm x 200cm) - Sand,Set,"2,250,000","541,657",Bamboo-Cotton-Sheets-Fitted-White.png,,,,,
Queen,Bamboo Cotton,Bamboo Cotton Fitted,,BCSW2Q200X160FI,Bamboo Cotton Fitted Sheet Set + 2 Pillow Cases - Queen (160cm x 200cm) - White,Set,"2,050,000","522,363",Bamboo-Cotton-Sheets-Fitted-White.png,,,,,
Queen,Bamboo Cotton,Bamboo Cotton Fitted,,BCSS2Q200X160FI,Bamboo Cotton Fitted Sheet Set + 2 Pillow Cases - Queen (160cm x 200cm) - Sand,Set,"2,050,000","522,363",Bamboo-Cotton-Sheets-Fitted-White.png,,,,,
Super King,Bamboo Cotton,Bamboo Cotton Duvet,,BCSW2SK260X230DU,Bamboo Cotton Duvet  Sheet Set + 2 Pillow Cases - Super King (260cm x 230cm) - White,Set,"2,950,000","851,846",Bamboo-Cotton-Sheets-Duvet-White.png,,,,,
Super King,Bamboo Cotton,Bamboo Cotton Duvet,,BCSS2SK260X230DU,Bamboo Cotton Duvet Sheet Set + 2 Pillow Cases - Super King (260cm x 230cm) - Sand,Set,"2,950,000","851,846",Bamboo-Cotton-Sheets-Duvet-White.png,,,,,
King,Bamboo Cotton,Bamboo Cotton Duvet,,BCSW2K240X220DU,Bamboo Cotton  Duvet Sheet Set + 2 Pillow Cases - King (240cm x 220cm) - White,Set,"2,850,000","804,050",Bamboo-Cotton-Sheets-Duvet-White.png,,,,,
King,Bamboo Cotton,Bamboo Cotton Duvet,,BCSS2K240X220DU,Bamboo Cotton Duvet Sheet Set + 2 Pillow Cases - King (240cm x 220cm) - Sand,Set,"2,850,000","804,050",Bamboo-Cotton-Sheets-Duvet-White.png,,,,,
Queen,Bamboo Cotton,Bamboo Cotton Duvet,,BCSW2Q210X210DU,Bamboo Cotton Duvet Sheet Set + 2 Pillow Cases - Queen (210cm x 210cm) - White,Set,"2,650,000","753,887",Bamboo-Cotton-Sheets-Duvet-White.png,,,,,
Queen,Bamboo Cotton,Bamboo Cotton Duvet,,BCSS2Q210X210DU,Bamboo Cotton Duvet Sheet Set + 2 Pillow Cases - Queen (210cm x 210cm) - Sand,Set,"2,650,000","753,887",Bamboo-Cotton-Sheets-Duvet-White.png,,,,,
Super King / King,Bamboo Cotton,Bamboo Cotton Flat,,BCSW2SK300X300FL,Bamboo Cotton Flat Sheet Set + 2 Pillow Cases - Super King/King (300cm x 300cm) - White,Set,"2,450,000","678,641",BamboocottonFittedFlat-White.png,,,,,
Super King / King,Bamboo Cotton,Bamboo Cotton Flat,,BCSS2SK300X300FL,Bamboo Cotton Flat Sheet Set + 2 Pillow Cases - Super King/King (300cm x 300cm) - Sand,Set,"2,450,000","678,641",BamboocottonFittedFlat-White.png,,,,,
Queen,Bamboo Cotton,Bamboo Cotton Flat,,BCSW2Q300X250FL,Bamboo Cotton Flat Sheet Set + 2 Pillow Cases - Queen (250cm x 300cm) - White,Set,"2,300,000","599,537",BamboocottonFittedFlat-White.png,,,,,
Queen,Bamboo Cotton,Bamboo Cotton Flat,,BCSS2Q300X250FL,Bamboo Cotton Flat Sheet Set + 2 Pillow Cases - Queen (250cm x 300cm) - Sand,Set,"2,300,000","599,537",BamboocottonFittedFlat-White.png,,,,,
Pillow Cases,Bamboo Cotton,Bamboo Cotton Pillow Cases,,PCCW2OS75X50,Bamboo Cotton Pillow Cases Set (2 Pillow Cases) - 50 cm x 75 cm - White,Set,"900,000","252,252",Bamboo-cotton-pillowcases-white.png,,,,,
Pillow Cases,Bamboo Cotton,Bamboo Cotton Pillow Cases,,PCCS2OS75X50,Bamboo Cotton Pillow Cases Set (2 Pillow Cases) - 50 cm x 75 cm - Sand,Set,"900,000","252,252",Bamboo-cotton-pillowcases-white.png,,,,,
Bolster Case,Bamboo Cotton,Bamboo Cotton Bolster Case,,BCCW1OS91X34,Bamboo Cotton Bolster Case Set (1 Bolster Case) - ø34.5 cm x L91 cm - White,Pcs,"650,000","171,219",bamboo_pillow_bolster_white.png,,,,,
Bolster Case,Bamboo Cotton,Bamboo Cotton Bolster Case,,BCCS1OS91X34,Bamboo Cotton Bolster Case Set (1 Bolster Case) - ø34.5 cm x L91 cm - Sand,Pcs,"650,000","171,219",bamboo_pillow_bolster_white.png,,,,,
Super King,Duvet & Protector,Duvet,,DEU1SK260X230DU,Heveya Organic Inner Duvet - Super King (260cm x 230cm),Pcs,"5,900,000","2,255,102",bamboo_duvet_fold.png,,,,,
King,Duvet & Protector,Duvet,,DEU1K240X220DU,Heveya Organic Inner Duvet - King (240cm x 220cm),Pcs,"5,300,000","2,003,775",bamboo_duvet_fold.png,,,,,
Queen,Duvet & Protector,Duvet,,DEU1Q210X210DU,Heveya Organic Inner Duvet - Queen  (210cm x 210cm),Pcs,"4,900,000","1,785,958",bamboo_duvet_fold.png,,,,,
Single,Duvet & Protector,Duvet,,DEU1S140X210DU,Heveya Organic Inner Duvet - Single (140cm x 210cm),Pcs,"3,600,000","1,266,549",bamboo_duvet_fold.png,,,,,
Super King,Duvet & Protector,Mattress Protector,,MPEU1SK200X200P,Heveya Mattress Protector - Super King (200cm x 200cm),Pcs,"3,900,000","1,273,220",mattress_protector.png,,,,,
King,Duvet & Protector,Mattress Protector,,MPEU1K200X180P,Heveya Mattress Protector - King (180cm x 200cm),Pcs,"3,600,000","1,166,018",mattress_protector.png,,,,,
Queen,Duvet & Protector,Mattress Protector,,MPEU1Q200X160P,Heveya Mattress Protector - Queen  (160cm x 200cm),Pcs,"2,950,000","1,077,278",mattress_protector.png,,,,,
Single,Duvet & Protector,Mattress Protector,,MPEU1S200X90P,Heveya Mattress Protector - Single (90cm x 200cm),Pcs,"2,200,000","845,964",mattress_protector.png,,,,,
Super King,Duvet & Protector,Duvet,,LQBC2SK260X230,Linen Quilted Bedcover - Super King (260cm x 230cm) - Natural,Pcs,"5,150,000","1,435,900",Linen-Quilted-Bedcover.png,,,,,
King,Duvet & Protector,Duvet,,LQBC2K240X220,Linen Quilted Bedcover - King (240cm x 220cm) - Natural,Pcs,"4,750,000","1,332,980",Linen-Quilted-Bedcover.png,,,,,
Queen,Duvet & Protector,Duvet,,LQBC2Q210X210,Linen Quilted Bedcover - Queen (210cm x 210cm) - Natural,Pcs,"4,150,000","1,173,620",Linen-Quilted-Bedcover.png,,,,,
,Bath Accessories,Face Towel,,VCSFTW30X30,Heveya Vegan Cotton Face Towel - 30x30cm - White,Pcs,"300,000","69,548",VeganCottonFaceTowel30x30cm.png,3.0,29.0,,,
,Bath Accessories,Face Towel,,VCSFTN30X30,Heveya Vegan Cotton Face Towel - 30x30cm - Natural,Pcs,"300,000","69,548",VeganCottonFaceTowel30x30cm.png,6.0,21.0,,,
,Bath Accessories,Face Towel,,VCSFTSI30X30,Heveya Vegan Cotton Face Towel - 30x30cm - Silver,Pcs,"300,000","69,548",VeganCottonFaceTowel30x30cm.png,12.0,73.0,,,
,Bath Accessories,Face Towel,,VCSFTST30X30,Heveya Vegan Cotton Face Towel - 30x30cm - Stone,Pcs,"300,000","69,548",VeganCottonFaceTowel30x30cm.png,16.0,20.0,,,
,Bath Accessories,Hand Towel,,VCSHTW40X70,Heveya Vegan Cotton Hand Towel - 70 x 40 - White,Pcs,"450,000","120,489",VeganCottonHandTowel70x40cm.png,21.0,0.0,,,
,Bath Accessories,Hand Towel,,VCSHTN40X70,Heveya Vegan Cotton Hand Towel - 70 x 40 - Natural,Pcs,"450,000","120,489",VeganCottonHandTowel70x40cm.png,13.0,29.0,,,
,Bath Accessories,Hand Towel,,VCSHTSI40X70,Heveya Vegan Cotton Hand Towel - 70 x 40 - Silver,Pcs,"450,000","120,489",VeganCottonHandTowel70x40cm.png,-2.0,67.0,,,
,Bath Accessories,Hand Towel,,VCSHTST40X70,Heveya Vegan Cotton Hand Towel - 70 x 40 - Stone,Pcs,"450,000","120,489",VeganCottonHandTowel70x40cm.png,0.0,26.0,,,
,Bath Accessories,Bath Towel,,VCSBTW140X80,Heveya Vegan Cotton Bath Towel - 140 x 80cm - White,Pcs,"990,000","297,456",VeganCottonBathTowel140x80cm.png,6.0,161.0,,,
,Bath Accessories,Bath Towel,,VCSBTN140X80,Heveya Vegan Cotton Bath Towel - 140 x 80cm - Natural,Pcs,"990,000","297,456",VeganCottonBathTowel140x80cm.png,4.0,10.0,,,
,Bath Accessories,Bath Towel,,VCSBTSI140X80,Heveya Vegan Cotton Bath Towel - 140 x 80cm - Silver,Pcs,"990,000","297,456",VeganCottonBathTowel140x80cm.png,2.0,20.0,,,
,Bath Accessories,Bath Towel,,VCSBTST140X80,Heveya Vegan Cotton Bath Towel - 140 x 80cm - Stone,Pcs,"990,000","297,456",VeganCottonBathTowel140x80cm.png,6.0,13.0,,,
,Bath Accessories,Bath Sheet,,VCSBSW160X90,Heveya Vegan Cotton Bath Sheet - 160 x 90cm - White,Pcs,"1,400,000","403,980",VeganCottonBathSheet160x90cm.png,8.0,84.0,,,
,Bath Accessories,Bath Sheet,,VCSBSN160X90,Heveya Vegan Cotton Bath Sheet - 160 x 90cm - Natural,Pcs,"1,400,000","403,980",VeganCottonBathSheet160x90cm.png,2.0,53.0,,,
,Bath Accessories,Bath Sheet,,VCSBSSI160X90,Heveya Vegan Cotton Bath Sheet - 160 x 90cm - Silver,Pcs,"1,400,000","403,980",VeganCottonBathSheet160x90cm.png,3.0,80.0,,,
,Bath Accessories,Bath Sheet,,VCSBSST160X90,Heveya Vegan Cotton Bath Sheet - 160 x 90cm - Stone,Pcs,"1,400,000","403,980",VeganCottonBathSheet160x90cm.png,-7.0,33.0,,,
,Bath Accessories,Bath Mat,,VCSBMW80X50,Heveya Vegan Cotton Bath Mat - 80 x 50cm - White,Pcs,"650,000","247,000",Products_bathmat.png,13.0,0.0,,,
,Bath Accessories,Bath Mat,,VCSBMN80X50,Heveya Vegan Cotton Bath Mat - 80 x 50cm - Natural,Pcs,"650,000","247,000",Products_bathmat.png,9.0,0.0,,,
,Bath Accessories,Bath Mat,,VCSBMSI80X50,Heveya Vegan Cotton Bath Mat - 80 x 50cm - Silver,Pcs,"650,000","247,000",Products_bathmat.png,4.0,64.0,,,
,Bath Accessories,Bath Mat,,VCSBMST80X50,Heveya Vegan Cotton Bath Mat - 80 x 50cm - Stone,Pcs,"650,000","247,000",Products_bathmat.png,0.0,0.0,,,
,Bath Accessories,Bath Robe S,,VCSBRWS,Heveya Vegan Cotton Bath Robe Small - White,Pcs,"2,600,000","758,650",Vegan-Cotton-Bath-Robe_White.png,2.0,5.0,,,
,Bath Accessories,Bath Robe S,,VCSBRNS,Heveya Vegan Cotton Bath Robe Small - Natural,Pcs,"2,600,000","758,650",Vegan-Cotton-Bath-Robe_Natural.png,2.0,1.0,,,
,Bath Accessories,Bath Robe M,,VCSBRWM,Heveya Vegan Cotton Bath Robe Medium - White,Pcs,"2,600,000","758,650",Vegan-Cotton-Bath-Robe_White.png,4.0,5.0,,,
,Bath Accessories,Bath Robe M,,VCSBRNM,Heveya Vegan Cotton Bath Robe Medium - Natural,Pcs,"2,600,000","758,650",Vegan-Cotton-Bath-Robe_Natural.png,0.0,2.0,,,
,Bed Accessories,Cotton Ombre Throw,,CSTOCB2OS224X122,Heveya Ombre Cotton - 224cm x 122 cm - Throw Beige,Pcs,"1,380,000","650,000",cotton_ombre_throw_beige.png,,,,,
,Bed Accessories,Cotton Ombre Throw,,CSTOCC1OS224X122,Heveya Ombre Cotton - 224cm x 122cm - Throw Chocolate,Pcs,"1,380,000","650,000",cotton_ombre_throw_chocolate.png,,,,,
,Bed Accessories,Cotton Ombre Throw,,CSTOCI1OS224X122,Heveya Ombre Cotton - 224cm x 122cm - Throw Indigo,Pcs,"1,380,000","650,000",cotton_ombre_throw_indigo.png,,,,,
,Bed Accessories,Cotton Ombre Throw,,CSTOCS1OS224X122,Heveya Ombre Cotton - 224cm x 122cm - Throw Seaweed,Pcs,"1,380,000","650,000",cotton_ombre_throw_seaweed.png,,,,,
,Bed Accessories,Cotton Ombre Throw,,CSTOCT1OS224X122,Heveya Ombre Cotton - 224cm x 122cm - Throw Terracota,Pcs,"1,380,000","650,000",cotton_ombre_throw_terracotta.png,,,,,
,Bed Accessories,Linen Double Throw,,LSDLTI1OS150X230,Heveya Double Linen Throw - Size 150cm x 230cm - Ivory,Pcs,"2,900,000","805,100",linen_throw2-ivory.png,,,,,
,Bed Accessories,Linen Double Throw,,LSDLTINOS150X230,Heveya Double Linen Throw - Size 150cm x 230cm - Natural,Pcs,"2,900,000","805,100",linen_throw4-natural.png,,,,,
,Bed Accessories,Cushion Insert,,Cushions Insert Square,Cushions Inserts 	- 65*65cm - Square,Pcs,"650,000","450,000",,,,,,
,Bed Accessories,Cushion Insert,,Cushions Insert Lumbar L,Cushions Inserts - 30*120cm - Lumbar L,Pcs,"550,000","450,000",,,,,,
,Bed Accessories,Cushion Insert,,Cushions Insert Breakfast,Cushions Inserts - 30*30cm - Breakfast,Pcs,"450,000","350,000",,,,,,
,Bed Accessories,Cushion Insert,,Cushions Insert Lumbar M,Cushions Inserts - 40*90cm - Lumbar M,Pcs,"550,000","450,000",,,,,,
,Bed Accessories,"Linen Cushions Cover, Clelia",,NIBCG,Linen Cushion Cover Breakfast - Size 27cm x 43cm - Charcoal Grey,Pcs,"1,150,000","315,081",cushion_clelia_breakfast_charcoalgrey.png,,,,,
,Bed Accessories,"Linen Cushions Cover, Clelia",,NIBHN,Linen Cushion Cover Breakfast - Size 27cm x 43cm - Hazelnut + Natural (Clelia),Pcs,"1,150,000","315,081",,,,,,
,Bed Accessories,"Linen Cushions Cover, Clelia",,NIBN,Linen Cushion Cover Breakfast - Size 27cm x 43cm - Natural,Pcs,"1,150,000","315,081",cushion_clelia_breakfast_natural.png,,,,,
,Bed Accessories,"Linen Cushions Cover, Clelia",,NIBOG,Linen Cushion Cover Breakfast - Size 27cm x 43cm - Olive Green,Pcs,"1,150,000","315,081",,,,,,
,Bed Accessories,"Linen Cushions Cover, Clelia",,NIBPCG,Linen Cushion Cover Breakfast - Size 27cm x 43cm - Pinstripe + Charcoal Grey,Pcs,"1,150,000","315,081",cushion_clelia_breakfast_pinstripe+natural.png,,,,,
,Bed Accessories,"Linen Cushions Cover, Clelia",,NILLCG,Linen Cushion Cover Lumbar L - Size 113cm x 27cm - Charcoal Grey,Pcs,"1,600,000","441,207",cushion_clelia_lumbar_large_charcoalgrey.png,,,,,
,Bed Accessories,"Linen Cushions Cover, Clelia",,NILLHN,Linen Cushion Cover Lumbar L - Size 113cm x 27cm - Hazelnut + Natural,Pcs,"1,600,000","441,207",,,,,,
,Bed Accessories,"Linen Cushions Cover, Clelia",,NILLN,Linen Cushion Cover Lumbar L - Size 113cm x 27cm - Natural,Pcs,"1,600,000","441,207",cushion_clelia_lumbar_large_natural.png,,,,,
,Bed Accessories,"Linen Cushions Cover, Clelia",,NILLOG,Linen Cushion Cover Lumbar L - Size 113cm x 27cm - Olive Green,Pcs,"1,600,000","441,207",,,,,,
,Bed Accessories,"Linen Cushions Cover, Clelia",,NILLPCG,Linen Cushion Cover Lumbar L - Size 113cm x 27cm - Pinstripe + Charcoal Grey,Pcs,"1,600,000","441,207",cushion_clelia_lumbar_large_pinstripe.png,,,,,
,Bed Accessories,"Linen Cushions Cover, Clelia",,NILMCG,Linen Cushion Cover Lumbar M - Size 80cm x 35cm - Charcoal Grey,Pcs,"1,450,000","441,207",cushion_clelia_lumbar_medium_charcoalgrey.png,,,,,
,Bed Accessories,"Linen Cushions Cover, Clelia",,NILMHN,Linen Cushion Cover Lumbar M - Size 80cm x 35cm - Hazelnut + Natural,Pcs,"1,450,000","441,207",,,,,,
,Bed Accessories,"Linen Cushions Cover, Clelia",,NILMN,Linen Cushion Cover Lumbar M - Size 80cm x 35cm - Natural,Pcs,"1,450,000","441,207",cushion_clelia_lumbar_medium_natural.png,,,,,
,Bed Accessories,"Linen Cushions Cover, Clelia",,NILMOG,Linen Cushion Cover Lumbar M - Size 80cm x 35cm - Olive Green,Pcs,"1,450,000","441,207",,,,,,
,Bed Accessories,"Linen Cushions Cover, Clelia",,NILM&IPCG,Linen Cushion Cover Lumbar M - Size 80cm x 35cm - Pinstripe + Charcoal Grey,Pcs,"1,450,000","441,207",cushion_clelia_lumbar_medium_pinstripe.png,,,,,
,Bed Accessories,"Linen Cushions Cover, Clelia",,NISCG,Linen Cushion Cover Square - Size 58cm x 58cm - Charcoal Grey,Pcs,"1,650,000","471,276",,,,,,
,Bed Accessories,"Linen Cushions Cover, Clelia",,NISHN,Linen Cushion Cover Square - Size 58cm x 58cm - Hazelnut + Natural,Pcs,"1,650,000","471,276",,,,,,
,Bed Accessories,"Linen Cushions Cover, Clelia",,NISN,Linen Cushion Cover Square - Size 58cm x 58cm - Natural,Pcs,"1,650,000","471,276",,,,,,
,Bed Accessories,"Linen Cushions Cover, Clelia",,NISOG,Linen Cushion Cover Square - Size 58cm x 58cm - Olive Green,Pcs,"1,650,000","471,276",,,,,,
,Bed Accessories,"Linen Cushions Cover, Clelia",,NISPS,Linen Cushion Cover Square - Size 58cm x 58cm - Pinstripe + Charcoal Grey,Pcs,"1,650,000","471,276",,,,,,
,Bed Accessories,Linen Thick Cushions Cover,,Lumbar L Cover,Heveya Thick Linen Decorational Pillow Cover - 113*27cm - Lumbar L,Pcs,"200,000","200,000",,,,,,
,Bed Accessories,Linen Thick Cushions Cover,,Breakfast Cover,Heveya Thick Linen Decorational Pillow Cover - 45*26cm - Breakfast,Pcs,"200,000","200,000",,,,,,
,Bed Accessories,Linen Thick Cushions Cover,,Square Cover,Heveya Thick Linen Decorational Pillow Cover - 58*58cm - Square,Pcs,"200,000","200,000",,,,,,
,Bed Accessories,Linen Thick Cushions Cover,,Lumbar M Cover,Heveya Thick Linen Decorational Pillow Cover - 83*35cm - Lumbar M,Pcs,"200,000","200,000",,,,,,
,Bed Accessories,Linen Throw Pillowcases,,LSTPCCG2OS62X62,Heveya Linen Throw Pillow Cases - Charcoal Grey,Pcs,"800,000","222,440",Linen_Cushion_CharcoalGrey62x62cm.png,,,,,
,Bed Accessories,Linen Throw Pillowcases,,LSTPCN2OS62X62,Heveya Linen Throw Pillow Cases - Natural,Pcs,"800,000","222,440",Linen_Cushion_Natural62x62cm.png,,,,,
,Bed Accessories,Linen Throw Pillowcases,,LSTPO2OS62X62,Heveya Linen Throw Pillow Cases - Olive,Pcs,"800,000","222,440",Linen_Cushion_Olive62x62cm.png,,,,,
,Bed Accessories,Linen Throw Pillowcases,,LSTPOS2OS62X62,Heveya Linen Throw Pillow Cases - Olive Stripe,Pcs,"800,000","222,440",Linen_Cushion_OliveStripe62x62cm.png,,,,,
,Bed Accessories,Linen Throw Pillowcases,,LSTPPS2OS62X62,Heveya Linen Throw Pillow Cases - Pinstripe,Pcs,"800,000","222,440",Linen_Cushion_Pinstripe62x62cm.png,,,,,
,Bed Accessories,Linen Throw Pillowcases,,LSTPCW2OS62X62,Heveya Linen Throw Pillow Cases - White,Pcs,"800,000","222,440",Linen_Cushion_White62x62cm.png,,,,,
,Bed Accessories,Wellness,,BTPM,Bamboo Teak Pillow Mist - 150ml.,Pcs,"980,000","270,862",,,,,,
,Bed Accessories,Wellness,,BTRD,Bamboo Teak Reed Diffuser.,Pcs,"1,280,000","398,347",,,,,,
,Bed Accessories,Wellness,,BTSC,Bamboo Teak Scented Candle.,Pcs,"1,180,000","347,830",,,,,,
,Bed Accessories,Wellness,,BTSB,Bamboo Teak Sleep Blend.,Pcs,"980,000","268,558",,,,,,
,Bed Accessories,Wellness,,HWK,Heveya Wellness Range Kit,Set,"2,580,000","836,973",,,,,,
,Bed Accessories,Eye Mask,,EMBM1U,Heveya Bamboo Eyemask - Blush Mauve,Pcs,"380,000","102,920",,,,,,
,Bed Accessories,Eye Mask,,EMCW1U,Heveya Bamboo Eyemask - Cream White,Pcs,"380,000","102,920",,,,,,
,Bed Accessories,Eye Mask,,EMG1U,Heveya Bamboo Eyemask - Grey,Pcs,"380,000","102,920",,,,,,
,Bed Accessories,Eye Mask,,EMSG1U,Heveya Bamboo Eyemask - Sage,Pcs,"380,000","102,920",,,,,,
,Bed Accessories,Eye Mask,,EMS1U,Heveya Bamboo Eyemask - Sand,Pcs,"380,000","102,920",,,,,,
,Packaging,Packaging,,DB,Heveya Duvet Bag,Pcs,0,0,,1.0,37.0,,,
,Packaging,Packaging,,PB,Heveya Pillow Bags,Pcs,0,0,,14.0,507.0,,,
,Packaging,Packaging,,SH,Heveya Sheet Bags,Pcs,0,0,,6.0,515.0,,,
,Packaging,Packaging,,LSB,Linen Sheet Box,Pcs,0,0,,11.0,436.0,,,
,Packaging,Packaging,,BSB,Bamboo Sheet Box,Pcs,0,0,,-5.0,224.0,,,
,Packaging,Packaging,,PBL,Pillow Box Large,Pcs,0,0,,7.0,332.0,,,
,Packaging,Packaging,,PBS,Pillow Box Small,Pcs,0,0,,3.0,417.0,,,
,Bedsheet Fabric,Bamboo Lyocell Fabric,,BLFRW290,Bamboo Lyocell Fabric -  White,Mtr,,,,,,,,
,Bedsheet Fabric,Bamboo Lyocell Fabric,,BLFRBM290,Bamboo Lyocell Fabric - Blush Mauve,Mtr,,,,,,,,
,Bedsheet Fabric,Bamboo Lyocell Fabric,,BLFRBO290,Bamboo Lyocell Fabric - Burnt Orange,Mtr,,,,,,,,
,Bedsheet Fabric,Bamboo Lyocell Fabric,,BLFRDG290,Bamboo Lyocell Fabric - Dark Grey,Mtr,,,,,,,,
,Bedsheet Fabric,Bamboo Lyocell Fabric,,BLFRG290,Bamboo Lyocell Fabric - Grey,Mtr,,,,,,,,
,Bedsheet Fabric,Bamboo Lyocell Fabric,,BLFRMG290,Bamboo Lyocell Fabric - Moss Green,Mtr,,,,,,,,
,Bedsheet Fabric,Bamboo Lyocell Fabric,,BLFRSG290,Bamboo Lyocell Fabric - Sage Width 290cm,Mtr,,,,,,,,
,Bedsheet Fabric,Bamboo Lyocell Fabric,,BLFRS290,Bamboo Lyocell Fabric - Sand,Mtr,,,,,,,,
,Bedsheet Fabric,Bamboo Cotton Fabric,,BCFS,Bamboo Cotton Fabric - Sand,Mtr,,,,,,,,
,Bedsheet Fabric,Bamboo Cotton Fabric,,BCFW,Bamboo Cotton Fabric - White,Mtr,,,,,,,,
,Bedsheet Fabric,Linen Fabric,,LBRCG,Linen Washed Fabric - Charcoal Grey,Mtr,,,,,,,,
,Bedsheet Fabric,Linen Fabric,,LBRHZ,Linen Washed Fabric - Hazelnut,Mtr,,,,,,,,
,Bedsheet Fabric,Linen Fabric,,LBRN,Linen Washed Fabric - Natural,Mtr,,,,,,,,
,Bedsheet Fabric,Linen Fabric,,LBRO,Linen Washed Fabric - Olive,Mtr,,,,,,,,
,Bedsheet Fabric,Linen Fabric,,LBROS,Linen Washed Fabric - Olive Stripe,Mtr,,,,,,,,
,Bedsheet Fabric,Linen Fabric,,LBRP,Linen Washed Fabric - Peach,Mtr,,,,,,,,
,Bedsheet Fabric,Linen Fabric,,LBRPS,Linen Washed Fabric - Pinstriped,Mtr,,,,,,,,
,Bedsheet Fabric,Linen Fabric,,LBRW,Linen Washed Fabric - White,Mtr,,,,,,,,
