85|13314|1|Heveya Natural Organic Latex Mattress I -  Super King  (W200cm x L200cm) - Medium|1|Pcs|1|0||warehouse||prepared|
86|13314|2|Heveya Natural Organic Latex Pillow - (70cm x 40cm x 14.5cm) - Heveya 2|1|Pcs|0|1||showroom||prepared|TBC
87|13335|1|Heveya Natural Organic Latex Mattress III - Custom Size (W193cm x L203cm) - Firm|1|Pcs|1|0||showroom||prepared|193 x 203
88|13335|2|Heveya Natural Organic Latex Pillow - (70cm x 40cm x 12.5cm) - Heveya 4|2|Pcs|1|1||showroom||prepared|
89|13350|1|Heveya Natural Organic Latex Mattress III - Super King (W200cm x L200cm) - Soft.|1|Pcs|1|0||showroom||prepared|
90|13356|1|Heveya Hospitality Mattress - King (W180cm x L200cm)|12|Pcs|4|8||warehouse||prepared|
91|13356|2|Heveya Natural Organic Latex  Topper - King (W180cm x L200cm) - Soft|12|Pcs|4|8||warehouse||prepared|
92|13356|3|Heveya Natural Organic Latex Pillow - (70cm x 40cm x 10cm) - Heveya 1|24|Pcs|6|18||warehouse||prepared|
93|13356|4|Heveya Natural Organic Latex Pillow - (70cm x 40cm x 14.5cm) - Heveya 2|24|Pcs|6|18||warehouse||prepared|
94|13356|5|Heveya Natural Organic Latex Pillow - (70cm x 40cm x 9/11.5cm) - Heveya 3|4|Pcs|4|0||showroom||prepared|
95|13356|6|Heveya Natural Organic Latex Pillow - (70cm x 40cm x 12.5cm) - Heveya 4|4|Pcs|0|4||showroom||prepared|
96|13356|7|Heveya Natural Organic Latex Bolster - ( L92cm x ø22cm)|2|Pcs|0|2||showroom||prepared|
97|13356|8|Heveya Natural Organic Latex Bolster - ( L92cm x ø22cm)|2|Pcs|0|2||showroom||prepared|
98|13366|1|Heveya Natural Organic Latex Mattress III - Super King (W200cm x L200cm) - Medium/Firm|1|Pcs|0|1||pending_wh||prepared|
99|13366|2|Heveya Natural Organic Latex Pillow - (70cm x 40cm x 12.5cm) - Heveya 4|2|Pcs|0|2||pending_wh||prepared|
100|13363|1|Bamboo Bundle Fitted Sheet Set + 2 Pillow Cases - Custom Size (W240cm x L210cm) - Sand|1|Set|1|0||||prepared|
101|13363|2|Bamboo Duvet Sheet Set + 2 Pillow Cases - Custom Size (290cm x 330cm) - Sand|1|Set|1|0||||prepared|
102|13363|3|Heveya Sheet Bags|1|Pcs|1|0||||prepared|
103|12644|1|Heveya Natural Organic Latex Mattress III - Family Mattress ( 270cm x 210) - Medium/Firm|1|Pcs|0|1||showroom||prepared|
104|12644|2|Heveya Natural Organic Latex Mattress III - King (W180cm x L200cm) - Soft/Medium|1|Pcs|0|1||showroom||prepared|
105|12644|3|Heveya Natural Organic Latex Mattress II - Queen (W160cm x L200cm) - Medium|1|Pcs|0|1||showroom||prepared|
106|12644|4|Heveya Natural Organic Latex Mattress III - Custom Size (W120cm x L200cm) - Medium|1|Pcs|0|1||showroom||prepared|Size TBC
107|12644|5|Heveya Natural Organic Latex Bolster - ( L92cm x ø22cm)|4|Pcs|0|4||showroom||prepared|
108|12644|6|Heveya Natural Organic Latex Pillow - (70cm x 40cm x 14.5cm) - Heveya 2|1|Pcs|0|1||showroom||prepared|
109|12644|7|Heveya Natural Organic Latex Pillow - (70cm x 40cm x 14.5cm) - Heveya 2|2|Pcs|0|2||showroom||prepared|
110|12644|8|Heveya Natural Organic Latex Pillow - (70cm x 40cm x 10cm) - Heveya 1|3|Pcs|0|3||showroom||prepared|
111|12644|9|Heveya Natural Organic Latex Pillow - (70cm x 40cm x 14.5cm) - Heveya 6|2|Pcs|0|2||showroom||prepared|
112|12644|10|Heveya Natural Organic Latex Pillow - (70cm x 40cm x 12.5cm) - Heveya 5|2|Pcs|0|2||showroom||prepared|
113|12644|11|Bamboo Teak Pillow Mist - 5ml.|2|Pcs|2|0||showroom||prepared|TAKEN
114|12644|12|Heveya Natural Organic Latex Mattress III - Custom Size (W120cm x L200cm) - Soft|1|Pcs|0|1||showroom||prepared|Size TBC
115|13375|1|Heveya Natural Organic Latex Bolster - ( L92cm x ø22cm)|1|Pcs|1|0||||prepared|Thank You Card 350k
116|13375|2|Heveya Pillow Bags|1|Pcs|1|0||||prepared|
117|13375|3|Bottle - Pillow Mist - 5ml|2|Pcs|2|0||||prepared|
118|13198|1|Heveya Natural Organic Latex Mattress III - Super King (W200cm x L200cm) -  Firm|1|Pcs|0|1||pending_wh||prepared|
119|13198|2|Heveya Natural Organic Latex Pillow - (70cm x 40cm x 12.5cm) - Heveya 4|2|Pcs|0|2||pending_wh||prepared|
120|13392|1|Bamboo Fitted Sheet Set + 2 Pillow Cases  - Super King (200cm x 200cm) - Dark Grey|1|Set|1|0||||prepared|
121|13392|2|Heveya Sheet Bags|1|Pcs|1|0||||prepared|
122|13399|1|Heveya Natural Organic Latex Pillow - (70cm x 40cm x 14.5cm) - Heveya 2|1|Pcs|1|0||||prepared|
123|13399|2|Heveya Pillow Bags|1|Pcs|1|0||||prepared|
124|13402|1|Bamboo Bundle Fitted Sheet Set + 2 Pillow Cases - Custom Size 137cm x 200cm - Dark Grey|1|Set|1|0||||prepared|
125|13402|2|Small Packaging Box|1|Pcs|1|0||||prepared|
126|13410|1|Heveya Ombre Cotton - 224cm x 122cm - Throw Chocolate|1|Pcs|1|0||||prepared|
127|13410|2|Heveya Gift Card Box|1|Pcs|1|0||||prepared|
128|13410|3|Heveya Sheet Bags|1|Pcs|1|0||||prepared|
129|13408|1|Heveya Natural Organic Latex Pillow - (70cm x 40cm x 9/11.5cm) - Heveya 3|1|Pcs|1|0||||prepared|
130|13408|2|Bamboo Teak Pillow Mist - 5ml.|1|Pcs|1|0||||prepared|
131|13408|3|Heveya Pillow Bags|1|Pcs|1|0||||prepared|
132|13407|1|Heveya Natural Organic Latex Mattress III - King (W180cm x L200cm) - Firm.|1|Pcs|0|1|41-25|pending_wh||prepared|
133|13407|2|Heveya Natural Organic Latex Pillow - (70cm x 40cm x 14.5cm) - Heveya 2|2|Pcs|0|2||warehouse||prepared|
134|13407|3|Heveya Pillow Bags|1|Pcs|0|1||warehouse||prepared|
135|13404|1|Linen Duvet Sheet Set + 2 Pillow Cases - King (240cm x 220cm) - Pinstriped|1|Set|1|0||||prepared|
136|13404|2|Linen Fitted Sheet Set + 2 Pillow Cases - King (180cm x 200cm)  - Natural|1|Set|1|0||||prepared|
137|13404|3|Linen  Fitted Sheet Set + 2 Pillow Cases - King (180cm x 200cm) - Olive Stripe|1|Set|1|0||||prepared|
138|13404|4|Heveya Duvet Bag|1|Pcs|1|0||||prepared|
139|13217|1|Heveya Natural Organic Latex Mattress I - Custom Size (W110cm x L200cm) - Medium|1|Pcs|0|1||pending_wh||prepared|
140|13217|2|Heveya Matras Protector - Custom Size W110cm x L200cm|1|Pcs|0|1||pending_sh||prepared|
141|13244|1|Heveya Natural Organic Latex Mattress I - Custom Size (W240cm x L210cm) - Soft/Medium|1|Pcs|0|1||preorder||prepared|
142|13244|2|Heveya Natural Organic Latex Topper - Custom Size W240cm x L210|1|Pcs|0|1||preorder||prepared|
143|13244|3|Heveya Natural Organic Latex Pillow - (70cm x 40cm x 14.5cm) - Heveya 2|1|Pcs|0|1||pending_wh||prepared|
144|13244|4|Heveya Natural Organic Latex Pillow - (70cm x 40cm x 9/11.5cm) - Heveya 3|1|Pcs|0|1||pending_wh||prepared|
145|13244|5|Heveya Matras Protector - Custom Size W240cm x L210cm|1|Pcs|0|1||pending_wh||prepared|
146|13244|6|Bamboo Bundle Fitted Sheet Set + 2 Pillow Cases - Custom Size (W240cm x L210cm) - Sand|1|Set|0|1||preorder||prepared|
147|13244|7|Bamboo Bundle Fitted Sheet + 2 Pillow Cases - Custom Size W240 x L210 - Sage|1|Set|0|1||preorder||prepared|
148|13244|8|Heveya Pillow Bags|1|Pcs|0|1||pending_wh||prepared|
149|13244|9|Bamboo Teak Pillow Mist - 5ml.|1|Pcs|0|1||pending_wh||prepared|
150|13264|1|Heveya Hospitality Mattress - King (W180cm x L200cm)|1|Pcs|1|0||||prepared|Firm - 10cm rebound + 2 x 5cm a grad PULSE D80 on top (sides uncovered)
151|13264|2|Heveya Natural Organic Latex Pillow - (70cm x 40cm x 9/11.5cm) - Heveya 3|1|Pcs|1|0||||prepared|
152|13264|3|Heveya Natural Organic Latex Bolster - ( L92cm x ø22cm)|1|Pcs|1|0||||prepared|
153|13264|4|Bolster Bag|1|Pcs|1|0||||prepared|
154|13264|5|Heveya Pillow Bags|1|Pcs|1|0||||prepared|
155|13074|1|Heveya Natural Organic Latex III - Queen (W160cm x L200cm) - Firm|3|Pcs|0|3||pending_wh||prepared|
156|12076|1|Heveya Natural Organic Latex Mattress III - Super King (W200cm x L200cm) -  Firm|1|Pcs|1|0||||open|
157|12076|2|Linen Fitted Sheet Set + 2 Pillow Cases - Super King (200cm x 200cm) - White|1|Set|1|0||||open|
158|12076|3|Linen Pillow Cases Set (2 Pillow Cases) -  50 cm x 75 cm  - White|1|Pcs|1|0||||open|
159|12076|4|Heveya Vegan Cotton Bath Towel - 140 x 80cm - White|1|Pcs|1|0||||open|Taken at Central GI
160|12076|5|Heveya Vegan Cotton Bath Mat - 80 x 50cm - White|1|Pcs|1|0||||open|Taken at Central GI
161|12076|6|Heveya Natural Organic Latex Pillow - (70cm x 40cm x 14.5cm) - Heveya 2|3|Pcs|3|0||||open|
162|12076|7|Heveya Mattress Protector - Super King (200cm x 200cm)|1|Pcs|1|0||||open|
163|12076|8|Heveya Natural Organic Latex Pillow - (70cm x 40cm x 12.5cm) - Heveya 4|1|Pcs|1|0||||open|
164|12182|1|Heveya Natural Organic Latex Mattress III - King (W180cm x L200cm) - Firm.|1|Pcs|0|1||pending_wh||open|
165|12182|2|Heveya Natural Organic Latex Pillow - (70cm x 40cm x 14.5cm) - Heveya 2|2|Pcs|0|2||pending_wh||open|
166|12182|3|Heveya Natural Organic Latex Pillow - (70cm x 40cm x 12.5cm) - Heveya 4|2|Pcs|0|2||pending_wh||open|
167|12182|4|Heveya Pregnancy Pillow  U-Shaped|1|Pcs|0|1||pending_wh||open|
168|13367|1|Heveya Natural Organic Latex Mattress III - King (W180cm x L200cm) - Firm.|1|Pcs|0|1||pending_wh||open|
169|13367|2|Heveya Natural Organic Latex Pillow - (70cm x 40cm x 14.5cm) - Heveya 2|2|Pcs|0|2||pending_wh||open|
170|13367|3|Heveya Natural Organic Latex Pillow - (70cm x 40cm x 9/11.5cm) - Heveya 3|2|Pcs|0|2||pending_wh||open|
171|13367|4|Bamboo - Duvet Sheet Set + 2 Pillow Cases - King (240cm x 220cm) - Burnt Orange|1|Set|0|1||pending_wh||open|
172|13367|5|Bamboo Duvet Sheet Set + 2 Pillow Cases  - King (240cm x 220cm) - Dark Grey|1|Set|0|1||pending_wh||open|
173|13367|6|Bamboo Fitted Sheet Set + 2 Pillow Cases - King (180cm x 200cm) - Sand|1|Set|0|1||pending_wh||open|
174|13367|7|Bamboo Fitted Sheet Set + 2 Pillow Cases - King (180cm x 200cm) - Grey|1|Set|0|1||pending_wh||open|
175|13367|8|Heveya Organic Inner Duvet - King (240cm x 220cm)|1|Pcs|0|1||pending_wh||open|
176|13367|9|Heveya Pillow Bags|1|Pcs|0|1||pending_wh||open|
177|11887|1|Heveya Natural Organic Latex Mattress III -  Super King (W200cm x L200cm) - Medium|1|Pcs|0|1||pending_wh||open|
178|11887|2|Heveya Natural Organic Latex Mattress III - King (W180cm x L200cm) - Medium.|1|Pcs|0|1||pending_wh||open|
179|11887|3|Heveya Natural Organic  Latex Mattress II -  Super King (W200cm x L200cm) - Medium|1|Pcs|0|1||pending_wh||open|SHOWCASE
180|11887|4|Heveya Hospitality Mattress - Super King (W200cm x L200cm)|2|Pcs|0|2||pending_wh||open|
181|11887|5|Heveya Natural Organic Latex Topper   -  Super King (W200cm x L200cm) - Soft|2|Pcs|0|2||pending_wh||open|
182|11887|6|Heveya Natural Organic Latex Pillow - (70cm x 40cm x 14.5cm) - Heveya 2|10|Pcs|0|10||pending_wh||open|
183|11887|7|Heveya Natural Organic Latex Pillow - (70cm x 40cm x 12.5cm) - Heveya 4|10|Pcs|0|10||pending_wh||open|
184|11887|8|Bamboo Fitted Sheet Set + 2 Pillow Cases - Super King (200cm x 200cm) - Moss Green|4|Set|0|4||pending_wh||open|
185|11887|9|Bamboo Fitted Sheet Set + 2 Pillow Cases  - King (180cm x 200cm) - Moss Green|1|Set|0|1||pending_wh||open|
186|11887|10|Linen Duvet Sheet Set + 2 Pillow Cases - Super King (260cm x 230cm)  - White|4|Set|0|4||pending_wh||open|
187|11887|11|Linen Fitted Sheet Set + 2 Pillow Cases - King (180cm x 200cm)  - White|1|Set|0|1||pending_wh||open|
188|11887|12|Heveya Ombre Cotton - 224cm x 122cm - Throw Chocolate|5|Pcs|0|5||pending_wh||open|
189|11887|13|Heveya Vegan Cotton Face Towel - 30x30cm - Stone|10|Pcs|0|10||pending_wh||open|
190|11887|14|Heveya Vegan Cotton Hand Towel - 70 x 40 - Stone|10|Pcs|0|10||pending_wh||open|
191|11887|15|Heveya Vegan Cotton Bath Towel - 140 x 80cm - Stone|10|Pcs|0|10||pending_wh||open|
192|11887|16|Heveya Vegan Cotton Bath Robe Small - Natural|10|Pcs|0|10||pending_wh||open|
193|12322|1|Heveya Hospitality Mattress - Super King (W200cm x L200cm)|2|Pcs|2|0||warehouse||open|
194|12322|2|Heveya Hospitality Mattress - King (W180cm x L200cm)|1|Pcs|1|0||warehouse||open|
195|12322|3|Heveya Natural Organic Latex Mattress III -  Super King (W200cm x L200cm) - Medium|1|Pcs|0|1||showroom||open|
196|11719|1|Heveya Natural Organic Latex  Mattress  II  -  King (W180cm x L200cm) - Medium|1|Pcs|0|1||pending_wh||open|
197|11719|2|Heveya Natural Organic Latex Pillow - (70cm x 40cm x 10cm) - Heveya 1|2|Pcs|0|2||pending_wh||open|
198|11719|3|Bamboo Duvet Sheet Set + 2 Pillow Cases - King (240cm x 220cm) - Blush Mauve|1|Set|0|1||pending_wh||open|
199|11719|4|Linen Fitted Sheet Set + 2 Pillow Cases  - King (180cm x 200cm) - Charcoal Grey|1|Set|0|1||pending_wh||open|
200|11719|5|Heveya Pillow Bags|1|Pcs|0|1||pending_wh||open|
201|13444|1|Heveya Ombre Cotton - 224cm x 122cm - Throw Indigo|1|Pcs|1|0||||open|
202|13444|2|Bamboo Sheet Box|1|Pcs|1|0||||open|
203|13442|1|Heveya Bamboo Eyemask - Grey|1|Pcs|1|0||||open|
204|13442|2|Paper Bag|1|Pcs|1|0||||open|
205|13441|1|Heveya Natural Organic Latex Pillow - (70cm x 40cm x 10cm) - Heveya 1|2|Pcs|2|0||||open|
206|13440|1|Heveya Mattress Protector - King (180cm x 200cm)|1|Pcs|1|0||||open|
207|13440|2|Heveya Duvet Bag|1|Pcs|1|0||||open|
208|13439|1|Heveya Bamboo Bundle Crib Fitted Sheet - 95cm x 65cm x 10cm - Sand|1|Pcs|1|0||||open|95 x 65 x 10cm - Sand
209|13439|2|Heveya Toddler Pillow - Baby Donut - 30cm x 25cm x 5cm|1|Pcs|1|0||||open|
210|13439|3|Heveya Bamboo Bundle Crib Fitted Sheet - 95cm x 65cm x 10cm - Blush Mauve|1|Pcs|1|0||||open|95 x 65 x 10cm - blush mauve
211|13439|4|Heveya Bamboo Pillow Cases Set (2 Pillow Cases) - Baby Donut - Blush Mauve|1|Set|1|0||||open|
212|13439|5|Bamboo Bundle Fitted Sheet Set + 2 Pillow Cases - Custom Size (120cm x 200cm) - Blush Mauve|2|Set|2|0||||open|
213|13439|6|Linen Sheet Box|1|Pcs|1|0||||open|
214|13438|1|Heveya Natural Organic Latex Pillow - (70cm x 40cm x 14.5cm) - Heveya 2|2|Pcs|2|0||||open|
215|13438|2|Heveya Pillow Bags|1|Pcs|1|0||||open|
216|13438|3|Bamboo Teak Pillow Mist - 5ml.|1|Pcs|1|0||||open|
217|13437|1|Bamboo Pillow Cases Set (2 Pillow Cases) - 50 cm x 75 cm - White|1|Set|1|0||||open|
218|13437|2|Heveya Bamboo Eyemask - Sage|1|Pcs|1|0||||open|
219|13437|3|Heveya Vegan Cotton Face Towel - 30x30cm - White|2|Pcs|2|0||||open|
220|13437|4|Paper Bag|1|Pcs|1|0||||open|
221|13436|1|Heveya Vegan Cotton Bath Mat - 80 x 50cm - White|6|Pcs|6|0||||open|
222|13436|2|Heveya Bamboo Pillow Cases Set (2 Pillow Cases) - Toddler Flat 55cm x 36cm - White|5|Pcs|5|0||||open|
223|13436|3|Travel Pillow - Half Heveya 2|2|Pcs|2|0||||open|
224|13436|4|Heveya Natural Organic Latex Travel Mini Bolster - ( L48cm x ø14cm)|2|Pcs|2|0||||open|
225|13436|5|Heveya Toddler Flat Pillow - 55 cm x 36 cm|4|Pcs|4|0||||open|
226|13436|6|Heveya Natural Organic Latex Pillow - (70cm x 40cm x 12.5cm) - Heveya 4|2|Pcs|2|0||||open|
227|13436|7|Heveya Natural Organic Latex Pillow - (70cm x 40cm x 14.5cm) - Heveya 2|2|Pcs|2|0||||open|
228|13436|8|Bamboo Pillow Cases Set (2 Pillow Cases) - 50 cm x 75 cm - Sand|2|Set|2|0||||open|
229|13436|9|Bamboo Pillow Cases Set (2 Pillow Cases) - 50 cm x 75 cm - White|3|Set|3|0||||open|
230|13436|10|Bamboo Pillow Cases Set (2 Pillow Cases) - 50 cm x 75 cm - Blush Mauve|3|Set|3|0||||open|
231|13436|11|Heveya Natural Organic Latex Pillow - (70cm x 40cm x 10cm) - Heveya 1|1|Pcs|1|0||||open|
232|13436|12|Bamboo Cotton Travel Mini Bolster Case - White|1|Pcs|1|0||||open|PRE-ORDER
233|13434|1|Heveya Natural Organic Latex Pillow - (70cm x 40cm x 9/11.5cm) - Heveya 3|1|Pcs|1|0||||open|
234|13434|2|Bamboo Teak Pillow Mist - 5ml.|1|Pcs|1|0||||open|
235|13434|3|Heveya Pillow Bags|1|Pcs|1|0||||open|
236|13433|1|Heveya Natural Organic Latex Mattress III - Super King (W200cm x L200cm) - Medium/Firm|2|Pcs|2|0||||open|
237|13432|1|Heveya Natural Organic Latex Pillow - (70cm x 40cm x 10cm) - Heveya 1|1|Pcs|1|0||||open|
238|13432|2|Bamboo Teak Pillow Mist - 5ml.|1|Pcs|1|0||||open|
239|13432|3|Heveya Pillow Bags|1|Pcs|1|0||||open|
240|13431|1|Heveya Natural Organic Latex Pillow - (70cm x 40cm x 9/11.5cm) - Heveya 3|1|Pcs|1|0||||open|
241|13431|2|Bamboo Teak Pillow Mist - 5ml.|1|Pcs|1|0||||open|
242|13431|3|Heveya Pillow Bags|1|Pcs|1|0||||open|
243|#FREE0077|1|Bamboo Teak Sleep Blend.|1|Pcs|1|0||||open|blend
244|13430|1|Heveya Natural Organic Latex Topper   -  Super King (W200cm x L200cm) - Soft|1|Pcs|1|0||||open|
245|13429|1|Heveya Natural Organic Latex Mattress I -  King (W180cm x L200cm) - Medium/Firm|5|Pcs|0|5|41-25|pending_wh||open|MASTER SUITE:1, GUEST SUITE 1, 2, 3, 4BR x2 SETS
246|13429|2|Heveya Natural Organic Latex  Topper - King (W180cm x L200cm) - Soft|5|Pcs|0|5|41-25|pending_wh||open|MASTER SUITE 2, 1BR x2 SETS
247|13429|3|Linen Flat Sheet Set + 2 Pillow Cases  - Super King/King (300cm x 300cm)  - Natural|8|Set|0|8||showroom||open|
248|13429|4|Linen Duvet Sheet Set + 2 Pillow Cases - King (240cm x 220cm) - Charcoal Grey|8|Set|0|8||showroom||open|WITHOUT PILLOWCASES
249|13429|5|Linen Pillow Cases Set (2 Pillow Cases) - 57cm x 87cm - Charcoal Grey|8|Set|0|8||showroom||open|
250|13429|6|Linen Bundle Bolster Case Set (1 Bolster Case) - ø34.5cm x L91cm - Charcoal Grey|8|Pcs|0|8||showroom||open|
251|13429|7|Heveya Linen Throw Pillow Cases - Custom Size 40cm x 40cm - Charcoal Grey|8|Set|0|8||showroom||open|
252|13429|8|Linen Flat Sheet Set + 2 Pillow Cases  - Super King/King (300cm x 300cm)  - Natural|2|Set|0|2||showroom||open|
253|13429|9|Linen Duvet Sheet Set + 2 Pillow Cases - King (240cm x 220cm) - Pinstriped|2|Set|0|2||showroom||open|WITHOUT PILLOWCASES
254|13429|10|Linen Bundle Bolster Case Set (1 Bolster Case) - ø34.5cm x L91cm - Charcoal Grey|2|Pcs|0|2||showroom||open|
255|13429|11|Heveya Linen Throw Pillow Cases - Custom Size 40cm x 40cm - Charcoal Grey|2|Set|0|2||showroom||open|
256|13429|12|Linen Pillow Cases Set (2 Pillow Cases) - 57cm x 87cm - Pinstripe|2|Set|0|2||showroom||open|
257|13429|13|Heveya Natural Organic Latex Bolster - ( L92cm x ø22cm)|5|Pcs|0|5||showroom||open|
258|13429|14|Pillow Box Large|3|Pcs|0|3||showroom||open|
259|13428|1|Heveya Natural Organic Latex  Topper - King (W180cm x L200cm) - Soft|1|Pcs|1|0||||open|
260|13428|2|Heveya Natural Organic Latex Bolster - ( L92cm x ø22cm)|2|Pcs|2|0||||open|
261|13428|3|Heveya Bamboo Cotton Organic Inner Duvet - King (240cm x 220cm)|1|Pcs|1|0||||open|
262|13428|4|Heveya Bamboo Eyemask - Cream White|1|Pcs|1|0||||open|
263|13428|5|Bamboo Bolster Case Set (1 Bolster Case) - ø34.5 cm x L91 cm - Dark Grey|2|Pcs|2|0||||open|
264|13428|6|Bamboo - Fitted Sheet Set + 2 Pillow Cases - King (180cm x 200cm)  - Burnt Orange|1|Set|1|0||||open|
265|13428|7|Bamboo - Duvet Sheet Set + 2 Pillow Cases - King (240cm x 220cm) - Burnt Orange|1|Set|1|0||||open|
266|13428|8|Bamboo Bolster Case Set (1 Bolster Case) - ø34.5 cm x L91 cm - Burnt Orange|2|Pcs|2|0||||open|
267|13428|9|Heveya Pillow Bags|2|Pcs|2|0||||open|
268|13427|1|Heveya Natural Organic Latex Pillow - (70cm x 40cm x 14.5cm) - Heveya 2|1|Pcs|1|0||||open|thank you Card 350k
269|13427|2|Heveya Pillow Bags|1|Pcs|1|0||||open|
270|13426|1|Heveya Natural Organic Latex Mattress I - Custom Size (W140cm x L200cm) - Firm|1|Pcs|0|1|41-25|pending_wh||open|
271|13426|2|Heveya Natural Organic Latex Pillow - (70cm x 40cm x 10cm) - Heveya 1|1|Pcs|0|1||pending_wh||open|
272|13424|1|Heveya Natural Organic Latex Pillow - (70cm x 40cm x 14.5cm) - Heveya 2|1|Pcs|1|0||||open|Taken
273|13424|2|Heveya Natural Organic Latex Pillow - (70cm x 40cm x 14.5cm) - Heveya 2|1|Pcs|1|0||||open|Pending - TBC
274|13424|3|Heveya Pillow Bags|2|Pcs|2|0||||open|Taken 1 
275|13424|4|Bamboo Teak Pillow Mist - 5ml.|2|Pcs|2|0||||open|Taken 1
276|13423|1|Heveya Natural Organic Latex Pillow - (70cm x 40cm x 10cm) - Heveya 1|1|Pcs|1|0||||open|
277|13423|2|Heveya Sheet Bags|1|Pcs|1|0||||open|
278|13423|3|Bamboo Teak Pillow Mist - 150ml.|1|Pcs|1|0||||open|
279|13422|1|Linen Bolster Case Set (1 Bolster Case) - ø34.5cm x L91cm - Olive|1|Pcs|1|0||||open|
280|13422|2|Linen Bolster Case Set (1 Bolster Case) - ø34.5cm x L91cm - Natural|1|Pcs|1|0||||open|
281|13422|3|Small Packaging Box|1|Pcs|1|0||||open|
282|13421|1|Heveya Double Linen Throw - Size 150cm x 230cm - Natural|1|Pcs|1|0||||open|
283|13418|1|Heveya Natural Organic Latex Pillow - (70cm x 40cm x 10cm) - Heveya 1|1|Pcs|1|0||||open|
284|13418|2|Heveya Pillow Bags|1|Pcs|1|0||||open|
285|13418|3|Bamboo Teak Pillow Mist - 5ml.|1|Pcs|1|0||||open|
286|13420|1|Linen Bolster Case Set (1 Bolster Case) - ø34.5cm x L91cm  - White|1|Pcs|1|0||||open|
287|13420|2|Heveya Sheet Bags|1|Pcs|1|0||||open|
288|13419|1|Linen Fitted Sheet Set + 2 Pillow Cases - King (180cm x 200cm)  - White|1|Set|1|0||||open|disc 10 % bundle
289|13419|2|Linen Duvet Sheet Set + 2 Pillow Cases - King (240cm x 220cm) - White|1|Set|1|0||||open|
290|13419|3|Heveya Pillow Bags|1|Pcs|1|0||||open|
291|13419|4|Bottle - Pillow Mist - 5ml|2|Pcs|2|0||||open|
292|13417|1|Heveya Toddler Contour Pillow - 48 cm x 33 cm|1|Pcs|1|0||||open|
293|13417|2|Heveya Bamboo Pillow Cases Set (2 Pillow Cases) - Toddler Contour 48cm x 33cm - White|1|Set|1|0||||open|
294|13417|3|Bamboo Flat Sheet Set + 2 Pillow Cases - Super King/King (300cm x 300cm)  - White|1|Set|1|0||||open|
295|13417|4|Heveya Sheet Bags|1|Pcs|1|0||||open|
296|13416|1|Heveya Bamboo Eyemask - Sand|1|Pcs|1|0||||open|
297|13416|2|Paper Bag|1|Pcs|1|0||||open|
298|13415|1|Linen Fitted Sheet Set + 2 Pillow Cases - King (180cm x 200cm)  - Natural|1|Set|1|0||||open|
299|13415|2|Linen Duvet Sheet Set + 2 Pillow Cases - King (240cm x 220cm) - Natural|1|Set|1|0||||open|
300|13415|3|Bamboo Cotton  Fitted Sheet Set + 2 Pillow Cases - King (180cm x 200cm) - White|1|Set|1|0||||open|
301|13415|4|Bamboo Cotton  Duvet Sheet Set + 2 Pillow Cases - King (240cm x 220cm) - White|1|Set|1|0||||open|
302|13415|5|Heveya Vegan Cotton Bath Sheet - 160 x 90cm - Stone|1|Pcs|1|0||||open|
303|13415|6|Heveya Vegan Cotton Hand Towel - 70 x 40 - Stone|1|Pcs|1|0||||open|
304|13415|7|Heveya Vegan Cotton Face Towel - 30x30cm - Stone|2|Pcs|2|0||||open|
305|13415|8|Heveya Pillow Bags|1|Pcs|1|0||||open|
306|13414|1|Bamboo Fitted Sheet Set + 2 Pillow Cases -  Queen (160cm x 200cm)  - Moss Green|1|Set|1|0||||open|prepared
307|13414|2|Bamboo Pillow Cases Set (2 Pillow Cases) - 50 cm x 75 cm - Grey|1|Set|1|0||||open|prepared
308|13414|3|Bamboo Bolster Case Set (1 Bolster Case) - ø34.5 cm x L91 cm - Moss Green|1|Pcs|1|0||||open|prepared
309|13414|4|Small Packaging Box|1|Pcs|1|0||||open|prepared
310|13413|1|Heveya Natural Organic Latex Pillow - (70cm x 40cm x 14.5cm) - Heveya 2|1|Pcs|1|0||||open|
311|13413|2|Bamboo Teak Pillow Mist - 5ml.|2|Pcs|2|0||||open|
312|13413|3|Heveya Pillow Bags|1|Pcs|1|0||||open|
313|13413|4|Heveya Natural Organic Latex Bolster - ( L92cm x ø22cm)|1|Pcs|1|0||||open|
314|13413|5|Bolster Bag|1|Pcs|1|0||||open|
315|13412|1|Bamboo Cotton Duvet  Sheet Set + 2 Pillow Cases - Super King (260cm x 230cm) - White|1|Set|1|0||||open|
316|13412|2|Bamboo Cotton Bundle Duvet Sheet Set + 1 Pillow Case - Single (140cm x 210cm) - White|1|Set|1|0||||open|PRE-ORDER
317|13412|3|Heveya Bamboo Cotton Organic Inner Duvet - Single (140cm x 210cm)|1|Pcs|1|0||||open|
318|13412|4|Bamboo Cotton Fitted Sheet Set +  2 Pillow Cases - Super King (200cm x 200cm) - White|1|Set|1|0||||open|
319|13412|5|Heveya Duvet Bag|1|Pcs|1|0||||open|
320|13411|1|Heveya Natural Organic Latex Pillow - (70cm x 40cm x 14.5cm) - Heveya 2|2|Pcs|2|0||||open|
321|13411|2|Heveya Pillow Bags|1|Pcs|1|0||||open|
322|13411|3|Bamboo Teak Pillow Mist - 5ml.|2|Pcs|2|0||||open|
323|13409|1|Bamboo Flat Sheet Set + 2 Pillow Cases -  Super King/King (300cm x 300cm)  - Moss Green|1|Set|1|0||||open|
324|13409|2|Bamboo Fitted Sheet Set + 2 Pillow Cases - Super King (200cm x 200cm) - Moss Green|1|Set|1|0||||open|
325|13409|3|Bamboo Duvet Sheet Set + 2 Pillow Cases - Super King (260cm x 230cm)  - Sand|1|Set|1|0||||open|
326|13409|4|Bamboo Pillow Cases Set (2 Pillow Cases) -  Size (95cm x 58cm)  - White|1|Set|1|0||||open|
327|13409|5|Bamboo Teak Reed Diffuser.|1|Pcs|1|0||||open|
328|13409|6|Bamboo Teak Pillow Mist - 150ml.|1|Pcs|1|0||||open|
329|13409|7|Heveya Duvet Bag|1|Pcs|1|0||||open|
330|13406|1|Bamboo Fitted Sheet Set  + 2 Pillow Cases - Queen (160cm x 200cm) - Burnt Orange|1|Set|1|0||||open|
331|13406|2|Small Packaging Box|1|Pcs|1|0||||open|
332|13405|1|Heveya Natural Organic Latex Pillow - (70cm x 40cm x 12.5cm) - Heveya 4|1|Pcs|1|0||||open|
333|13405|2|Bamboo Pillow Cases Set (2 Pillow Cases) - 50 cm x 75 cm - White|1|Set|1|0||||open|
334|13405|3|Heveya Natural Organic Latex Pillow - (70cm x 40cm x 9/11.5cm) - Heveya 3|1|Pcs|1|0||||open|
335|13405|4|Heveya Pillow Bags|1|Pcs|1|0||||open|
336|13405|5|Bamboo Teak Pillow Mist - 5ml.|2|Pcs|2|0||||open|
337|13403|1|Heveya Natural Organic Latex Pillow - (70cm x 40cm x 14.5cm) - Heveya 2|1|Pcs|1|0||||open|
338|13403|2|Heveya Natural Organic Latex Pillow - (70cm x 40cm x 12.5cm) - Heveya 4|1|Pcs|1|0||||open|
339|13403|3|Bamboo Teak Pillow Mist - 5ml.|2|Pcs|2|0||||open|
340|13403|4|Pillow Box Large|1|Pcs|1|0||||open|
341|13401|1|Linen Bolster Case Set (1 Bolster Case) - ø34.5cm x L91cm  - White|1|Pcs|1|0||||open|
342|13401|2|Paper Bag|1|Pcs|1|0||||open|
343|13400|1|Bamboo Duvet Sheet Set + 2 Pillow Cases - Queen (210cm x 210cm) - Blush Mauve|1|Set|1|0||||open|
344|13400|2|Bamboo Fitted Sheet Set + 2 Pillow Cases  -  Queen (160cm x 200cm) - White|1|Set|1|0||||open|
345|13400|3|Bamboo Sheet Box|1|Pcs|1|0||||open|
346|13398|1|Heveya Vegan Cotton Bath Towel - 140 x 80cm - Stone|2|Pcs|2|0||||open|
347|13398|2|Heveya Bamboo Eyemask - Sage|1|Pcs|1|0||||open|
348|13398|3|Heveya Bamboo Eyemask - Blush Mauve|1|Pcs|1|0||||open|
349|13398|4|Heveya Sheet Bags|1|Pcs|1|0||||open|
350|13397|1|Heveya Natural Organic Latex Mattress III - Custom Size 210cm x 200cm - Medium|2|Pcs|0|2||||open|
351|13397|2|Heveya Natural Organic Latex Mattress III  -  King (W180cm x L200cm) - Medium|2|Pcs|0|2||||open|
352|13397|3|Heveya Natural Organic Latex Pillow - (70cm x 40cm x 14.5cm) - Heveya 2|8|Pcs|0|8||||open|
353|13397|4|Heveya Natural Organic Latex Pillow - (70cm x 40cm x 12.5cm) - Heveya 4|4|Pcs|0|4||||open|
354|13397|5|Heveya Natural Organic Latex Pillow - (70cm x 40cm x 10cm) - Heveya 1|4|Pcs|0|4||||open|
355|13397|6|Heveya Bamboo Cotton Organic Inner Duvet - Super King (260cm x 230cm)|2|Pcs|0|2||||open|
356|13397|7|Heveya Bamboo Cotton Organic Inner Duvet - King (240cm x 220cm)|2|Pcs|0|2||||open|
357|13397|8|Linen Duvet Sheet Set + 2 Pillow Cases - Super King (260cm x 230cm)  - Natural|6|Set|0|6||||open|
358|13397|9|Linen Duvet Sheet Set + 2 Pillow Cases - King (240cm x 220cm) - Natural|6|Set|0|6||||open|
359|13397|10|Bamboo Cotton Fitted Sheet Set + 2 Pillow Cases - Custom Size (210cm x 200cm) - White|6|Set|0|6||||open|
360|13397|11|Bamboo Cotton  Fitted Sheet Set + 2 Pillow Cases - King (180cm x 200cm) - White|6|Set|0|6||||open|
361|13397|12|Heveya Ombre Cotton - 224cm x 122cm - Throw Indigo|4|Pcs|0|4||||open|
362|13397|13|Heveya Cushions Inserts + Linen Throw Pillow Cases -  Square  65*65cm - Olive|8|Set|0|8||||open|
363|13397|14|Heveya Linen Cushion - Lumbar Cushion Large 30x120 cm - Natural|4|Set|0|4||||open|
364|13397|15|Heveya Vegan Cotton Face Towel - 30x30cm - Natural|16|Pcs|0|16||||open|
365|13397|16|Heveya Vegan Cotton Hand Towel - 70 x 40 - Natural|16|Pcs|0|16||||open|
366|13397|17|Heveya Vegan Cotton Bath Towel - 140 x 80cm - Natural|16|Pcs|0|16||||open|
367|13397|18|Heveya Bamboo Eyemask - Sand|20|Pcs|0|20||||open|
368|13397|19|Pillow Box Large|2|Pcs|0|2||||open|
369|13396|1|Heveya Natural Organic Latex Pillow - (70cm x 40cm x 12.5cm) - Heveya 4|1|Pcs|1|0||||open|
370|13396|2|Bamboo Teak Pillow Mist - 5ml.|1|Pcs|1|0||||open|
371|13396|3|Heveya Pillow Bags|1|Pcs|1|0||||open|
372|13395|1|Bamboo Duvet Sheet Set + 2 Pillow Cases - King (240cm x 220cm) - White|1|Set|1|0||||open|
373|13395|2|Bamboo Fitted Sheet Set + 2 Pillow Cases -  King (180cm x 200cm) -  White|1|Set|1|0||||open|
374|13395|3|Heveya Bamboo Cotton Organic Inner Duvet - King (240cm x 220cm)|1|Pcs|1|0||||open|
375|13395|4|Heveya Sheet Bags|2|Pcs|2|0||||open|
376|13394|1|Heveya Natural Organic Latex Pillow - (70cm x 40cm x 14.5cm) - Heveya 2|1|Pcs|1|0||||open|
377|13394|2|Bamboo Teak Pillow Mist - 5ml.|1|Pcs|1|0||||open|
378|13394|3|Heveya Pillow Bags|1|Pcs|1|0||||open|
379|13279|1|Heveya Hospitality Mattress - (W100cm x L200cm)|18|Pcs|0|18||||open|Twin Mattress
380|13279|2|Heveya Natural Organic Latex Topper - Super Single  (W100cm x L200cm) - Soft|18|Pcs|0|18||||open|Twin Topper
381|13279|3|Heveya Hospitality Mattress - Super King (W200cm x L200cm)|26|Pcs|0|26||||open|
382|13279|4|Heveya Natural Organic Latex Topper   -  Super King (W200cm x L200cm) - Soft|26|Pcs|0|26||||open|
383|13279|5|Heveya Natural Organic Latex Pillow - (70cm x 40cm x 10cm) - Heveya 1|5|Pcs|0|5||||open|
384|13279|6|Heveya Natural Organic Latex Pillow - (70cm x 40cm x 14.5cm) - Heveya 2|70|Pcs|0|70||||open|
385|13279|7|Heveya Natural Organic Latex Pillow - (70cm x 40cm x 12.5cm) - Heveya 4|5|Pcs|0|5||||open|
386|13279|8|Heveya Cushions Inserts + Linen Throw Pillow Cases -  Square  65*65cm - Olive|70|Set|0|70||||open|
387|13279|9|Heveya Natural Organic Latex Bolster - ( L92cm x ø22cm)|6|Pcs|0|6||||open|
388|13279|10|Heveya Mattress Protector - Custom (W100cm x L200cm)|18|Pcs|0|18||||open|
389|13279|11|Heveya Organic Inner Duvet - Size 160 x 210|18|Pcs|0|18||||open|
390|13279|12|Heveya Mattress Protector - Super King (200cm x 200cm)|26|Pcs|0|26||||open|
391|13279|13|Heveya Bamboo Cotton Organic Inner Duvet - Super King (260cm x 230cm)|26|Pcs|0|26||||open|
392|13279|14|Bamboo Cotton Fitted Sheet Set + 2 Pillow Cases - Custom (100cm x 200cm) - White|54|Pcs|0|54||||open|
393|13279|15|Bamboo Cotton Duvet Sheet Set + 2 Pillow Cases - Custom (160cm x 210cm) - White|54|Pcs|0|54||||open|
394|13279|16|Bamboo Cotton Fitted Sheet Set +  2 Pillow Cases - Super King (200cm x 200cm) - White|78|Set|0|78||||open|
395|13279|17|Bamboo Cotton Duvet  Sheet Set + 2 Pillow Cases - Super King (260cm x 230cm) - White|78|Set|0|78||||open|
396|13291|1|Bamboo Cotton Fitted Sheet Set + 2 Pillow Cases - Super King (200cm x 200cm) - Sand|1|pcs|0|1||||open|
397|13291|2|Bamboo Cotton Duvet Sheet Set + 2 Pillow Cases - Super King (260cm x 230cm) - Sand|1|pcs|0|1||||open|
398|13291|3|Bamboo Cotton Flat Sheet Set + 2 Pillow Cases - Super King/King (300cm x 300cm) - Sand|1|pcs|0|1||||open|
399|13291|4|Heveya Sheet Bags|1|pcs|0|1||||open|
400|13292|1|Heveya Vegan Cotton Bath Robe Medium - Natural|2|pcs|0|2||||open|
401|13292|2|Heveya Sheet Bags|1|pcs|0|1||||open|
402|13293|1|Heveya Natural Organic Latex Pillow - (70cm x 40cm x 14.5cm) - Heveya 2|1|pcs|0|1||||open|
403|13293|2|Bamboo Pillow Cases Set (2 Pillow Cases) - 50 cm x 75 cm - White|1|pcs|0|1||||open|
404|13293|3|Heveya Pillow Bags|1|pcs|0|1||||open|
405|13293|4|Bamboo Teak Pillow Mist - 5ml.|1|pcs|0|1||||open|
406|13294|1|Linen  Duvet Sheet Set + 2 Pillow Cases - King (240cm x 220cm) - Olive|1|pcs|0|1||||open|
407|13294|2|Linen Fitted Sheet Set + 2 Pillow Cases - King (180cm x 200cm) - Hazelnut|1|pcs|0|1||||open|
408|13294|3|Linen Sheet Box|1|pcs|0|1||||open|
409|13295|1|Heveya Natural Organic Latex SPA Pillow|1|pcs|0|1||||open|
410|13295|2|Heveya Sheet Bags|1|pcs|0|1||||open|
411|13297|1|Bamboo Fitted Sheet Set + 1 Pillow Case - Single (90cm x 200cm) - Grey|1|pcs|0|1||||open|
412|13297|2|Bamboo Duvet Sheet Set + 1 Pillow Case - Single (140cm x 210cm) - Moss Green|1|pcs|0|1||||open|
413|13297|3|Heveya Organic Inner Duvet - Single (140cm x 210cm)|1|pcs|0|1||||open|
414|13297|4|Heveya Sheet Bags|1|pcs|0|1||||open|
415|13298|1|Bamboo Duvet Sheet Set + 2 Pillow Cases -    Super King (260cm x 230cm)  - White|1|pcs|0|1||||open|
416|13298|2|Heveya Sheet Bags|1|pcs|0|1||||open|
417|13299|1|Heveya Organic Inner Duvet - Super King (260cm x 230cm)|1|pcs|0|1||||open|
418|13299|2|Heveya Sheet Bags|1|pcs|0|1||||open|
419|13300|1|Heveya Natural Organic Latex Pillow - (70cm x 40cm x 14.5cm) - Heveya 2|1|pcs|0|1||||open|
420|13300|2|Bamboo Teak Pillow Mist - 5ml.|1|pcs|0|1||||open|
421|13300|3|Heveya Pillow Bags|1|pcs|0|1||||open|
422|13301|1|Bamboo Fitted Sheet Set + 2 Pillow Cases  - Super King (200cm x 200cm) - White|1|pcs|0|1||||open|
423|13301|2|Heveya Sheet Bags|1|pcs|0|1||||open|
424|13302|1|Heveya Natural Organic Latex Pillow - (70cm x 40cm x 9/11.5cm) - Heveya 3|2|pcs|0|2||||open|
425|13302|2|Heveya Pillow Bags|1|pcs|0|1||||open|
426|13302|3|Bamboo Teak Pillow Mist - 5ml.|2|pcs|0|2||||open|
427|13303|1|Bamboo Fitted Sheet Set + 1 Pillow Case - Single (90cm x 200cm)  - White|2|pcs|0|2||||open|
428|13303|2|Heveya Sheet Bags|1|pcs|0|1||||open|
429|13304|1|Heveya Natural Organic Latex Topper  -  Queen (W160cm x L200cm) - Soft|1|pcs|0|1||||open|
430|13304|2|Heveya Natural Organic Latex Pillow - (70cm x 40cm x 12.5cm) - Heveya 4|1|pcs|0|1||||open|
431|13304|3|Bamboo Pillow Cases Set (2 Pillow Cases) - 50 cm x 75 cm - Blush Mauve|1|pcs|0|1||||open|
432|13304|4|Heveya Bamboo Eyemask - Blush Mauve|1|pcs|0|1||||open|
433|13304|5|Heveya Pillow Bags|1|pcs|0|1||||open|
434|13304|6|Bamboo Teak Pillow Mist - 5ml.|1|pcs|0|1||||open|
435|13306|1|Heveya Bamboo Cotton Organic Inner Duvet - Super King (260cm x 230cm)|1|pcs|0|1||||open|
436|13306|2|Heveya Sheet Bags|1|pcs|0|1||||open|
437|13309|1|Heveya Natural Organic Latex Pillow - (70cm x 40cm x 14.5cm) - Heveya 2|3|pcs|0|3||||open|
438|13309|2|Heveya Toddler Contour Pillow - 48 cm x 33 cm|1|pcs|0|1||||open|
439|13309|3|Bamboo Pillow Cases Set (2 Pillow Cases) - 50 cm x 75 cm - White|2|pcs|0|2||||open|
440|13309|4|Heveya Bamboo Pillow Cases Set (2 Pillow Cases) - Toddler Contour 48cm x 33cm - White|1|pcs|0|1||||open|
441|13309|5|Heveya Vegan Cotton Bath Sheet - 160 x 90cm - Silver|1|pcs|0|1||||open|
442|13309|6|Bamboo Teak Pillow Mist - 5ml.|3|pcs|0|3||||open|
443|13309|7|Heveya Pillow Bags|2|pcs|0|2||||open|
444|13310|1|Bamboo Cotton  Fitted Sheet Set + 2 Pillow Cases - King (180cm x 200cm) - White|1|pcs|0|1||||open|
445|13310|2|Bamboo Cotton  Duvet Sheet Set + 2 Pillow Cases - King (240cm x 220cm) - White|1|pcs|0|1||||open|
446|13310|3|Heveya Sheet Bags|1|pcs|0|1||||open|
447|13311|1|Bamboo Bundle Pillow Cases (1 Pillow Cases) - Pregnancy Pillow U-Shape - Blush Mauve|1|pcs|0|1||||open|
448|13312|1|Bamboo Fitted Sheet Set + 2 Pillow Cases - King (180cm x 200cm) - Grey|1|pcs|0|1||||open|
449|13312|2|Bamboo Duvet Sheet Set + 2 Pillow Cases  - King (240cm x 220cm) - Grey|1|pcs|0|1||||open|
450|13312|3|Bamboo Fitted Sheet Set + 2 Pillow Cases -  King (180cm x 200cm) - Dark Grey|1|pcs|0|1||||open|
451|13312|4|Bamboo Duvet Sheet Set + 2 Pillow Cases  - King (240cm x 220cm) - Dark Grey|1|pcs|0|1||||open|
452|13312|5|Heveya Sheet Bags|1|pcs|0|1||||open|
453|13313|1|Heveya Linen Throw Pillow Cases - Olive Stripe|1|pcs|0|1||||open|
454|13315|1|Heveya Natural Organic Latex Pillow - (70cm x 40cm x 14.5cm) - Heveya 2|1|pcs|0|1||||open|
455|13315|2|Pillow Box Small|1|pcs|0|1||||open|
456|13315|3|Bamboo Teak Pillow Mist - 5ml.|1|pcs|0|1||||open|
457|13317|1|Heveya Matras Protector - Custom Size W183cm x L213cm|1|pcs|0|1||||open|
458|13317|2|Bamboo Bundle Fitted Sheet + 2 Pillow Cases - Custom Size W183cm x L213cm - White|1|pcs|0|1||||open|
459|13317|3|Pillow Box Large|1|pcs|0|1||||open|
460|13318|1|Bamboo Duvet Sheet Set + 2 Pillow Cases - King (240cm x 220cm) - White|1|pcs|0|1||||open|
461|13318|2|Bamboo Fitted Sheet Set + 2 Pillow Cases -  King (180cm x 200cm) -  White|1|pcs|0|1||||open|
462|13318|3|Heveya Sheet Bags|1|pcs|0|1||||open|
463|13319|1|Heveya Vegan Cotton Bath Towel - 140 x 80cm - Stone|1|pcs|0|1||||open|
464|13319|2|Heveya Vegan Cotton Hand Towel - 70 x 40 - Stone|1|pcs|0|1||||open|
465|13320|1|Heveya Natural Organic Latex Pillow - (70cm x 40cm x 9/11.5cm) - Heveya 3|1|pcs|0|1||||open|
466|13320|2|Heveya Pillow Bags|1|pcs|0|1||||open|
467|13320|3|Bamboo Teak Pillow Mist - 5ml.|1|pcs|0|1||||open|
468|13321|1|Bamboo Teak Pillow Mist - 150ml.|1|pcs|0|1||||open|
469|13321|2|Bamboo Teak Sleep Blend.|1|pcs|0|1||||open|
470|13321|3|Paper Bag|1|pcs|0|1||||open|
471|13322|1|Bamboo Bundle Pillow Cases Set (2 Pillow Cases) - 50 cm x 75 cm - Dark Grey|1|pcs|0|1||||open|
472|13322|2|Paper Bag|1|pcs|0|1||||open|
473|13323|1|Linen Duvet Sheet Set + 2 Pillow Cases - King (240cm x 220cm) - Mustard|1|pcs|0|1||||open|
474|13323|2|Heveya Double Linen Throw - Size 150cm x 230cm - Ivory|1|pcs|0|1||||open|
475|13323|3|Cushions Inserts 	- 65*65cm - Square|2|pcs|0|2||||open|
476|13323|4|Linen Cushion Cover Square - Size 58cm x 58cm - Charcoal Grey|2|pcs|0|2||||open|
477|13323|5|Heveya Linen Throw Pillow Cases - Olive Stripe|1|pcs|0|1||||open|
478|13324|1|Heveya Bamboo Eyemask - Sage|1|pcs|0|1||||open|
479|13324|2|Paper Bag|1|pcs|0|1||||open|
480|13325|1|Heveya  Natural Organic Latex Mattress III - King (W180cm x L200cm) - Medium/Firm|1|pcs|0|1||||open|
481|13325|2|Heveya Natural Organic Latex Pillow - (70cm x 40cm x 14.5cm) - Heveya 2|1|pcs|0|1||||open|
482|13325|3|Heveya Natural Organic Latex Pillow - (70cm x 40cm x 12.5cm) - Heveya 4|1|pcs|0|1||||open|
483|13325|4|Bamboo Cotton Fitted Sheet Set + 2 Pillow Cases - King (180cm x 200cm) - Sand|2|pcs|0|2||||open|
484|13325|5|Bamboo Cotton Flat Sheet Set + 2 Pillow Cases - Super King/King (300cm x 300cm) - Sand|2|pcs|0|2||||open|
485|13325|6|Heveya Linen Lumbar Cushion Large -Linen Thick & Insert|2|pcs|0|2||||open|
486|13325|7|Heveya Vegan Cotton Bath Mat - 80 x 50cm - Stone|2|pcs|0|2||||open|
487|13325|8|Heveya Toddler Pillow - Baby Donut - 30cm x 25cm x 5cm|2|pcs|0|2||||open|
488|13325|9|Heveya Bamboo Pillow Cases Set (2 Pillow Cases) - Baby Donut - White|1|pcs|0|1||||open|
489|13325|10|Heveya Pillow Bags|3|pcs|0|3||||open|
490|13325|11|Bamboo Teak Pillow Mist - 5ml.|4|pcs|0|4||||open|
491|13326|1|Heveya Ombre Cotton - 224cm x 122cm - Throw Indigo|1|pcs|0|1||||open|
492|13326|2|Heveya Sheet Bags|1|pcs|0|1||||open|
493|13327|1|Heveya Natural Organic Latex Pillow - (70cm x 40cm x 10cm) - Heveya 1|1|pcs|0|1||||open|
494|13327|2|Heveya Pillow Bags|1|pcs|0|1||||open|
495|13327|3|Bamboo Teak Pillow Mist - 5ml.|1|pcs|0|1||||open|
496|13328|1|Bamboo Duvet Sheet Set + 2 Pillow Cases - Super King (260cm x 230cm) - Dark Grey|1|pcs|0|1||||open|
497|13328|2|Bamboo Fitted Sheet Set + 2 Pillow Cases  -  Super King (200cm x 200cm) - Grey|1|pcs|0|1||||open|
498|13328|3|Bamboo Sheet Box|1|pcs|0|1||||open|
499|13329|1|Bamboo Cotton Fitted Sheet Set + 2 Pillow Cases - Super King (200cm x 200cm) - Sand|1|pcs|0|1||||open|
500|13329|2|Bamboo Cotton Duvet Sheet Set + 2 Pillow Cases - Super King (260cm x 230cm) - Sand|1|pcs|0|1||||open|
501|13329|3|Heveya Bamboo Cotton Organic Inner Duvet - Super King (260cm x 230cm)|1|pcs|0|1||||open|
502|13329|4|Heveya Sheet Bags|1|pcs|0|1||||open|
503|13329|5|Heveya Duvet Bag|1|pcs|0|1||||open|
504|13330|1|Heveya Natural Organic Latex Pillow - (70cm x 40cm x 12.5cm) - Heveya 4|1|pcs|0|1||||open|
505|13330|2|Heveya Natural Organic Latex Pillow - (70cm x 40cm x 12.5cm) - Heveya 5|1|pcs|0|1||||open|
506|13330|3|Heveya Pillow Bags|1|pcs|0|1||||open|
507|13330|4|Bamboo Teak Pillow Mist - 5ml.|2|pcs|0|2||||open|
508|13331|1|Bamboo Fitted Sheet Set + 2 Pillow Cases - Super King (200cm x 200cm) - Sage|1|pcs|0|1||||open|
509|13331|2|Bamboo Fitted Sheet Set + 2 Pillow Cases  - Super King (200cm x 200cm) - Sand|1|pcs|0|1||||open|
510|13331|3|Bamboo Bolster Case Set (1 Bolster Case) - ø34.5 cm x L91 cm - Sage|1|pcs|0|1||||open|
511|13331|4|Bamboo Bolster Case Set (1 Bolster Case) - ø34.5 cm x L91 cm - Sand|1|pcs|0|1||||open|
512|13331|5|Heveya Sheet Bags|1|pcs|0|1||||open|
513|13332|1|Heveya Natural Organic Latex Mattress II - King (W180cm x L200cm) - Firm.|1|pcs|0|1||||open|
514|13332|2|Heveya Natural Organic Latex Pillow - (70cm x 40cm x 14.5cm) - Heveya 2|2|pcs|0|2||||open|
515|13333|1|Linen Fitted Sheet Set + 2 Pillow Cases  - Queen (160cm x 200cm) - White|1|pcs|0|1||||open|
516|13333|2|Linen Duvet Sheet Set + 2 Pillow Cases - Queen (210cm x 210cm) - Natural|1|pcs|0|1||||open|
517|13333|3|Bamboo Sheet Box|1|pcs|0|1||||open|
518|13333|4|Heveya Duvet Bag|1|pcs|0|1||||open|
519|13334|1|Heveya Vegan Cotton Bath Mat - 80 x 50cm - Stone|1|pcs|0|1||||open|
520|13334|2|Heveya Sheet Bags|1|pcs|0|1||||open|
521|13336|1|Heveya Mattress Protector - Single (90cm x 200cm)|1|pcs|0|1||||open|
522|13336|2|Heveya Mattress Protector - Queen  (160cm x 200cm)|1|pcs|0|1||||open|
523|13336|3|Heveya Pillow Bags|1|pcs|0|1||||open|
524|13337|1|Heveya Natural Organic Latex Pillow - (70cm x 40cm x 14.5cm) - Heveya 2|1|pcs|0|1||||open|
525|13337|2|Heveya Pillow Bags|1|pcs|0|1||||open|
526|13337|3|Bamboo Teak Pillow Mist - 5ml.|1|pcs|0|1||||open|
527|13338|1|Heveya Natural Organic Latex Pillow - (70cm x 40cm x 12.5cm) - Heveya 5|1|pcs|0|1||||open|
528|13338|2|Heveya Natural Organic Latex Pillow - (70cm x 40cm x 14.5cm) - Heveya 6|1|pcs|0|1||||open|
529|13338|3|Bamboo Teak Pillow Mist - 5ml.|1|pcs|0|1||||open|
530|13338|4|Heveya Pillow Bags|1|pcs|0|1||||open|
531|13339|1|Bamboo Fitted Sheet Set + 2 Pillow Cases - Super King (200cm x 200cm) - Blush Mauve|1|pcs|0|1||||open|
532|13339|2|Bamboo Duvet Sheet Set + 2 Pillow Cases - Super King (260cm x 230cm) - Blush Mauve|1|pcs|0|1||||open|
533|13339|3|Bamboo Fitted Sheet Set + 2 Pillow Cases  -  Super King (200cm x 200cm) - Grey|1|pcs|0|1||||open|
534|13339|4|Bamboo Duvet Sheet Set + 2 Pillow Cases - Super King (260cm x 230cm) - Grey|1|pcs|0|1||||open|
535|13339|5|Linen Sheet Box|1|pcs|0|1||||open|
536|13340|1|Bamboo Bolster Case Set (1 Bolster Case) - ø34.5 cm x L91 cm - White|1|pcs|0|1||||open|
537|13340|2|Heveya Sheet Bags|1|pcs|0|1||||open|
538|13341|1|Heveya Hospitality Mattress - King (W180cm x L200cm)|1|pcs|1|0||showroom||open|
539|13341|2|Linen Duvet Sheet Set + 2 Pillow Cases - King (240cm x 220cm) - White|2|pcs|2|0||showroom||open|
540|13341|3|Linen Duvet Sheet Set + 2 Pillow Cases - Queen (210cm x 210cm)  - White|2|pcs|2|0||showroom||open|
541|13341|4|Linen Fitted Sheet Set + 2 Pillow Cases - King (180cm x 200cm)  - White|2|pcs|2|0||showroom||open|
542|13341|5|Linen Fitted Sheet Set + 2 Pillow Cases  - Queen (160cm x 200cm) - White|2|pcs|2|0||showroom||open|
543|13341|6|Heveya Natural Organic Latex Pillow - (70cm x 40cm x 12.5cm) - Heveya 4|4|pcs|4|0||showroom||open|
544|13341|7|Heveya Organic Inner Duvet - Queen  (210cm x 210cm)|1|pcs|1|0||showroom||open|
545|13341|8|Heveya Organic Inner Duvet - King (240cm x 220cm)|1|pcs|1|0||showroom||open|
546|13341|9|Heveya Vegan Cotton Bath Sheet - 160 x 90cm - White|8|pcs|8|0||showroom||open|
547|13341|10|Heveya Vegan Cotton Bath Towel - 140 x 80cm - White|8|pcs|8|0||showroom||open|
548|13341|11|Heveya Vegan Cotton Hand Towel - 70 x 40 - White|8|pcs|8|0||showroom||open|
549|13341|12|Heveya Vegan Cotton Face Towel - 30x30cm - White|8|pcs|8|0||showroom||open|
550|13341|13|Heveya Vegan Cotton Bath Mat - 80 x 50cm - White|2|pcs|2|0||showroom||open|
551|13341|14|Heveya Vegan Cotton Bath Robe Medium - White|8|pcs|8|0||showroom||open|
552|13341|15|Heveya Hospitality Mattress - Queen (W160cm x L200cm)|1|pcs|0|1||showroom||open|
553|13341|16|Heveya Natural Organic Latex  Topper - King (W180cm x L200cm) - Soft|1|pcs|0|1||showroom||open|
554|13341|17|Heveya Natural Organic Latex Topper  -  Queen (W160cm x L200cm) - Soft|1|pcs|0|1||showroom||open|
555|13341|18|Heveya Mattress Protector - King (180cm x 200cm)|1|pcs|1|0||showroom||open|
556|13341|19|Heveya Mattress Protector - Queen  (160cm x 200cm)|1|pcs|1|0||showroom||open|
557|13342|1|Heveya Natural Organic Latex Pillow - (70cm x 40cm x 14.5cm) - Heveya 2|1|pcs|0|1||||open|
558|13342|2|Heveya Pillow Bags|1|pcs|0|1||||open|
559|13343|1|Bamboo Fitted Sheet Set + 2 Pillow Cases -  King (180cm x 200cm) - Dark Grey|1|pcs|0|1||||open|
560|13344|1|Heveya Natural Organic Latex Mattress I - Custom Size (W120cm x L200cm) - Soft|1|pcs|0|1||||open|
561|13344|2|Heveya Mattress Protector -  Custom Size (120cm x 200cm)|1|pcs|0|1||||open|
562|13344|3|Heveya Natural Organic Latex Pillow - (70cm x 40cm x 10cm) - Heveya 1|1|pcs|0|1||||open|
563|13344|4|Heveya Vegan Cotton Bath Towel - 140 x 80cm - Silver|1|pcs|0|1||||open|
564|13344|5|Pillow Box Large|1|pcs|0|1||||open|
565|13344|6|Bamboo Teak Pillow Mist - 5ml.|1|pcs|0|1||||open|
566|13345|1|Bamboo Teak Reed Diffuser.|1|pcs|0|1||||open|
567|13345|2|Heveya Sheet Bags|1|pcs|0|1||||open|
568|13346|1|Heveya Toddler Contour Pillow - 48 cm x 33 cm|1|pcs|0|1||||open|
569|13346|2|Heveya Sheet Bags|1|pcs|0|1||||open|
570|13347|1|Linen Fitted Sheet Set + 2 Pillow Cases - King (180cm x 200cm)  - Natural|1|pcs|0|1||||open|
571|13347|2|Linen Quilted Bedcover - Super King (260cm x 230cm) - Natural|1|pcs|0|1||||open|
572|13347|3|Heveya Pillow Bags|1|pcs|0|1||||open|
573|13348|1|Heveya Natural Organic Latex Pillow - (70cm x 40cm x 12.5cm) - Heveya 4|1|pcs|0|1||||open|
574|13348|2|Bamboo Teak Pillow Mist - 5ml.|1|pcs|0|1||||open|
575|13348|3|Heveya Sheet Bags|1|pcs|0|1||||open|
576|13351|1|Bamboo Teak Reed Diffuser.|1|pcs|0|1||||open|
577|13351|2|Paper Bag|1|pcs|0|1||||open|
578|13352|1|Travel Pillow - Half Heveya 2|1|pcs|0|1||||open|
579|13352|2|Heveya Sheet Bags|1|pcs|0|1||||open|
580|13353|1|Linen Fitted Sheet Set + 2 Pillow Cases - King (180cm x 200cm)  - Pinstriped|1|pcs|0|1||||open|
581|13353|2|Linen  Duvet  Sheet Set + 2 Pillow Cases - Super King (260cm x 230cm) - Olive|1|pcs|0|1||||open|
582|13353|3|Heveya Sheet Bags|2|pcs|0|2||||open|
583|13354|1|Bamboo - Duvet Sheet Set + 2 Pillow Cases - King (240cm x 220cm) - Burnt Orange|1|pcs|0|1||||open|
584|13354|2|Bamboo - Fitted Sheet Set + 2 Pillow Cases - King (180cm x 200cm)  - Burnt Orange|1|pcs|0|1||||open|
585|13354|3|Heveya Sheet Bags|1|pcs|0|1||||open|
586|13355|1|Heveya Natural Organic Latex Pillow - (70cm x 40cm x 9/11.5cm) - Heveya 3|1|pcs|0|1||||open|
587|13355|2|Bamboo Pillow Cases Set (2 Pillow Cases) - 50 cm x 75 cm - White|1|pcs|0|1||||open|
588|13355|3|Pillow Box Small|1|pcs|0|1||||open|
589|13355|4|Bamboo Teak Pillow Mist - 5ml.|1|pcs|0|1||||open|
590|13357|1|Linen Fitted Sheet Set + 1 Pillow Case - Single (90cm x 200cm) - Natural|4|pcs|0|4||||open|
591|13357|2|Linen Duvet Sheet Set + 1 Pillow Case - Single (140cm x 210cm) - White|4|pcs|0|4||||open|
592|13357|3|Pillow Box Small|1|pcs|0|1||||open|
593|13358|1|Heveya Natural Organic Latex  Topper - King (W180cm x L200cm) - Soft|1|pcs|0|1||||open|
594|13359|1|Bamboo Bolster Case Set (1 Bolster Case) - ø34.5 cm x L91 cm - Sage|2|pcs|0|2||||open|
595|13359|2|Linen  Fitted Sheet Set + 2 Pillow Cases - King (180cm x 200cm) - Olive Stripe|1|pcs|0|1||||open|
596|13359|3|Heveya Sheet Bags|1|pcs|0|1||||open|
597|13360|1|Bamboo Fitted Sheet Set + 2 Pillow Cases  -  Queen (160cm x 200cm) - White|2|pcs|0|2||||open|
598|13360|2|Bamboo Duvet Sheet Set + 2 Pillow Cases - Queen (210cm x 210cm) - Sage|1|pcs|0|1||||open|
599|13360|3|Bamboo Duvet Sheet Set + 2 Pillow Cases -   Queen (210cm x 210cm)  - White|1|pcs|0|1||||open|
600|13360|4|Bamboo Flat Sheet Set + 2 Pillow Cases  - Queen (250cm x 300cm) - White|2|pcs|0|2||||open|
601|13360|5|Heveya Duvet Bag|1|pcs|0|1||||open|
602|13361|1|Linen Flat Sheet Set + 2 Pillow Cases - Super King/King (300cm x 300cm) - Olive|1|pcs|0|1||||open|
603|13361|2|Linen Duvet Sheet Set + 2 Pillow Cases - Super King (260cm x 230cm)  - Charcoal Grey|1|pcs|0|1||||open|
604|13361|3|Heveya Bamboo Cotton Organic Inner Duvet - Super King (260cm x 230cm)|1|pcs|0|1||||open|
605|13361|4|Heveya Vegan Cotton Bath Mat - 80 x 50cm - Stone|1|pcs|0|1||||open|
606|13361|5|Heveya Vegan Cotton Hand Towel - 70 x 40 - Stone|1|pcs|0|1||||open|
607|13361|6|Heveya Vegan Cotton Face Towel - 30x30cm - Stone|1|pcs|0|1||||open|
608|13361|7|Heveya Vegan Cotton Bath Sheet - 160 x 90cm - Stone|1|pcs|0|1||||open|
609|13361|8|Heveya Pillow Bags|1|pcs|0|1||||open|
610|13362|1|Heveya Bamboo Eyemask - Grey|1|pcs|0|1||||open|
611|13362|2|Heveya Bamboo Eyemask - Sand|1|pcs|0|1||||open|
612|13362|3|Paper Bag|1|pcs|0|1||||open|
613|13364|1|Bamboo Fitted Sheet Set + 2 Pillow Cases - Queen (160cm x 200cm) - Sage|1|pcs|0|1||||open|
614|13364|2|Bamboo Duvet Sheet Set + 2 Pillow Cases - Queen (210cm x 210cm) - Sage|1|pcs|0|1||||open|
615|13364|3|Heveya Sheet Bags|1|pcs|0|1||||open|
616|13365|1|Linen Duvet Sheet Set + 2 Pillow Cases - King (240cm x 220cm) - White|1|pcs|0|1||||open|
617|13365|2|Heveya Sheet Bags|1|pcs|0|1||||open|
618|13368|1|Bamboo Fitted Sheet Set + 2 Pillow Cases -  King (180cm x 200cm) -  White|1|pcs|0|1||||open|
619|13368|2|Bamboo Duvet Sheet Set + 2 Pillow Cases  - King (240cm x 220cm) - Moss Green|1|pcs|0|1||||open|
620|13368|3|Heveya Sheet Bags|1|pcs|0|1||||open|
621|13369|1|Bamboo Fitted Sheet Set + 2 Pillow Cases - Super King (200cm x 200cm) - Moss Green|1|pcs|0|1||||open|
622|13369|2|Bamboo Fitted Sheet Set + 2 Pillow Cases - Super King (200cm x 200cm) - Lilac|1|pcs|0|1||||open|
623|13369|3|Heveya Sheet Bags|1|pcs|0|1||||open|
624|13369|4|Bottle - Pillow Mist - 5ml|2|pcs|0|2||||open|
625|13370|1|Heveya Ombre Cotton - 224cm x 122cm - Throw Seaweed|1|pcs|0|1||||open|
626|13370|2|Heveya Ombre Cotton - 224cm x 122cm - Throw Chocolate|1|pcs|0|1||||open|
627|13370|3|Heveya Pillow Bags|1|pcs|0|1||||open|
628|13370|4|Bottle - Pillow Mist - 5ml|2|pcs|0|2||||open|
629|13371|1|Heveya Natural Organic Latex Topper   -  Super King (W200cm x L200cm) - Soft|1|pcs|0|1||||open|
630|13371|2|Heveya Bamboo Cotton Organic Inner Duvet - Super King (260cm x 230cm)|1|pcs|0|1||||open|
631|13371|3|Heveya Bamboo Cotton Organic Inner Duvet - Single (140cm x 210cm)|1|pcs|0|1||||open|
632|13371|4|Linen Fitted Sheet Set + 2 Pillow Cases  - Super King (200cm x 200cm) - Natural|2|pcs|0|2||||open|
633|13371|5|Linen Duvet Sheet Set + 1 Pillow Case - Single (140cm x 210cm) - White|1|pcs|0|1||||open|
634|13371|6|Linen Duvet Sheet Set + 2 Pillow Cases - Super King (260cm x 230cm)  - Charcoal Grey|1|pcs|0|1||||open|
635|13371|7|Heveya Vegan Cotton Hand Towel - 70 x 40 - Silver|2|pcs|0|2||||open|
636|13371|8|Heveya Pillow Bags|1|pcs|0|1||||open|
637|13372|1|Bamboo Fitted Sheet Set + 2 Pillow Cases  -  Queen (160cm x 200cm) - White|1|pcs|0|1||||open|
638|13372|2|Bamboo Duvet Sheet Set + 2 Pillow Cases  - King (240cm x 220cm) - Moss Green|1|pcs|0|1||||open|
639|13372|3|Heveya Natural Organic Latex Pillow - (70cm x 40cm x 14.5cm) - Heveya 2|1|pcs|0|1||||open|
640|13372|4|Heveya Natural Organic Latex Bolster - ( L92cm x ø22cm)|1|pcs|0|1||||open|
641|13372|5|Bamboo Bolster Case Set (1 Bolster Case) - ø34.5 cm x L91 cm - Moss Green|1|pcs|0|1||||open|
642|13372|6|Heveya Sheet Bags|1|pcs|0|1||||open|
643|13372|7|Heveya Pillow Bags|1|pcs|0|1||||open|
644|13372|8|Bolster Bag|1|pcs|0|1||||open|
645|13373|1|Heveya Pregnancy Pillow  U-Shaped|1|pcs|0|1||||open|
646|13373|2|Heveya Pillow Bags|1|pcs|0|1||||open|
647|13374|1|Heveya Vegan Cotton Bath Towel - 140 x 80cm - Natural|2|pcs|0|2||||open|
648|13374|2|Heveya Vegan Cotton Hand Towel - 70 x 40 - Natural|2|pcs|0|2||||open|
649|13374|3|Pillow Box Small|1|pcs|0|1||||open|
650|13376|1|Bamboo - Fitted Sheet Set + 2 Pillow Cases - King (180cm x 200cm)  - Burnt Orange|1|pcs|0|1||||open|
651|13376|2|Bamboo - Duvet Sheet Set + 2 Pillow Cases - King (240cm x 220cm) - Burnt Orange|1|pcs|0|1||||open|
652|13376|3|Heveya Sheet Bags|1|pcs|0|1||||open|
653|13377|1|Heveya Natural Organic Latex Travel Mini Bolster - ( L48cm x ø14cm)|1|pcs|0|1||||open|
654|13377|2|Heveya Natural Organic Latex Pillow - (70cm x 40cm x 10cm) - Heveya 1|1|pcs|0|1||||open|
655|13377|3|Bamboo Travel Mini Bolster Case - Grey|1|pcs|0|1||||open|
656|13377|4|Bamboo Fitted Sheet Set + 2 Pillow Cases - Super King (200cm x 200cm) - Blush Mauve|1|pcs|0|1||||open|
657|13377|5|Bamboo Fitted Sheet Set + 2 Pillow Cases  - Super King (200cm x 200cm) - Sand|1|pcs|0|1||||open|
658|13377|6|Heveya Bamboo Eyemask - Sage|1|pcs|0|1||||open|
659|13377|7|Heveya Pillow Bags|1|pcs|0|1||||open|
660|13377|8|Bamboo Teak Pillow Mist - 5ml.|1|pcs|0|1||||open|
661|13378|1|Bamboo Flat Sheet Set + 2 Pillow Cases  - Queen (250cm x 300cm) - White|1|pcs|0|1||||open|
662|13378|2|Bamboo Duvet Sheet Set + 2 Pillow Cases -   Queen (210cm x 210cm)  - White|1|pcs|0|1||||open|
663|13378|3|Heveya Bamboo Eyemask - Cream White|2|pcs|0|2||||open|
664|13378|4|Heveya Sheet Bags|1|pcs|0|1||||open|
665|13378|5|Heveya Pillow Bags|1|pcs|0|1||||open|
666|13379|1|Bamboo Fitted Sheet Set + 2 Pillow Cases - King (180cm x 200cm) - Sand|1|pcs|0|1||||open|
667|13379|2|Bamboo Duvet Sheet Set + 2 Pillow Cases  - King (240cm x 220cm) - Sand|1|pcs|0|1||||open|
668|13379|3|Heveya Natural Organic Latex Pillow - (70cm x 40cm x 14.5cm) - Heveya 2|2|pcs|0|2||||open|
669|13379|4|Heveya Pillow Bags|1|pcs|0|1||||open|
670|13380|1|Bamboo Cotton  Fitted Sheet Set + 2 Pillow Cases - King (180cm x 200cm) - White|1|pcs|0|1||||open|
671|13380|2|Bamboo Cotton  Duvet Sheet Set + 2 Pillow Cases - King (240cm x 220cm) - White|1|pcs|0|1||||open|
672|13380|3|Heveya Bamboo Cotton Organic Inner Duvet - King (240cm x 220cm)|1|pcs|0|1||||open|
673|13380|4|Bamboo Cotton Fitted Sheet Set + 2 Pillow Cases - Queen (160cm x 200cm) - White|3|pcs|0|3||||open|
674|13380|5|Bamboo Cotton Duvet Sheet Set + 2 Pillow Cases - Queen (210cm x 210cm) - White|3|pcs|0|3||||open|
675|13380|6|Heveya Bamboo Cotton Organic Inner Duvet - Single (140cm x 210cm)|3|pcs|0|3||||open|
676|13380|7|Bamboo Cotton Fitted Sheet + 2 pillowcases - Custom Size 120cm x 200cm - White|1|pcs|0|1||||open|
677|13380|8|Bamboo Cotton Duvet Sheet Set + 2 Pillow Cases - Queen (210cm x 210cm) - White|1|pcs|0|1||||open|
678|13380|9|Heveya Bamboo Cotton Organic Inner Duvet - Queen (210cm x 210cm)|1|pcs|0|1||||open|
679|13380|10|Bamboo Cotton Bundle Bolster Case Set (1 Bolster Case) - ø34.5 cm x L91 cm - White|11|pcs|0|11||||open|
680|13380|11|Pillow Box Large|2|pcs|0|2||||open|
681|13381|1|Heveya Natural Organic Latex Pillow - (70cm x 40cm x 14.5cm) - Heveya 2|1|pcs|0|1||||open|
682|13381|2|Heveya Pillow Bags|1|pcs|0|1||||open|
683|13382|1|Heveya Vegan Cotton Bath Towel - 140 x 80cm - Stone|2|pcs|0|2||||open|
684|13382|2|Bamboo Sheet Box|1|pcs|0|1||||open|
685|13382|3|Heveya Pillow Bags|1|pcs|0|1||||open|
686|13383|1|Heveya Natural Organic Latex  Topper - King (W180cm x L200cm) - Soft|1|pcs|0|1||||open|
687|13384|1|Linen Duvet Sheet Set + 2 Pillow Cases - King (240cm x 220cm) - Natural|1|pcs|0|1||||open|
688|13384|2|Linen Fitted Sheet Set + 2 Pillow Cases - King (180cm x 200cm)  - Natural|1|pcs|0|1||||open|
689|13384|3|Linen Sheet Box|1|pcs|0|1||||open|
690|13385|1|Heveya Bamboo Eyemask - Sand|1|pcs|0|1||||open|
691|13385|2|Paper Bag|1|pcs|0|1||||open|
692|13386|1|Bamboo Pillow Cases Set (2 Pillow Cases) - 50 cm x 75 cm - Moss Green|1|pcs|0|1||||open|
693|13387|1|Bamboo Pillow Cases Set (2 Pillow Cases) - 50 cm x 75 cm - Sage|1|pcs|0|1||||open|
694|13387|2|Paper Bag|1|pcs|0|1||||open|
695|13388|1|Heveya Natural Organic Latex Pillow - (70cm x 40cm x 9/11.5cm) - Heveya 3|1|pcs|0|1||||open|
696|13389|1|Heveya Natural Organic Latex Pillow - (70cm x 40cm x 9/11.5cm) - Heveya 3|1|pcs|0|1||||open|
697|13389|2|Heveya Pillow Bags|1|pcs|0|1||||open|
698|13389|3|Bamboo Teak Pillow Mist - 5ml.|1|pcs|0|1||||open|
699|13390|1|Linen Fitted Sheet Set + 2 Pillow Cases - King (180cm x 200cm)  - White|1|pcs|0|1||||open|
700|13390|2|Linen  Duvet Sheet Set + 2 Pillow Cases - King (240cm x 220cm) - Olive|1|pcs|0|1||||open|
701|13390|3|Heveya Sheet Bags|1|pcs|0|1||||open|
702|13391|1|Heveya Bamboo Eyemask - Sage|1|pcs|0|1||||open|
703|13391|2|Paper Bag|1|pcs|0|1||||open|
704|13393|1|Heveya Natural Organic Latex Pillow - (70cm x 40cm x 14.5cm) - Heveya 2|1|pcs|0|1||||open|
705|13393|2|Bamboo Pillow Cases Set (2 Pillow Cases) -  50 cm x 75 cm  - Burnt Orange|1|pcs|0|1||||open|
706|13393|3|Heveya Pillow Bags|1|pcs|0|1||||open|
707|13445|1|Heveya Natural Organic Latex Pillow - (70cm x 40cm x 14.5cm) - Heveya 2|1|pcs|0|1||||open|
708|13445|2|Heveya Natural Organic Latex Pillow - (70cm x 40cm x 12.5cm) - Heveya 4|1|pcs|0|1||||open|
709|13445|3|Bamboo Teak Pillow Mist - 5ml.|2|pcs|0|2||||open|
710|13445|4|Pillow Box Large|1|pcs|0|1||||open|
711|13446|1|Bamboo Cotton Pillow Cases Size 51 cm x 81 cm - White|40|pcs|0|40||||open|
712|13446|2|Bamboo Cotton Bundle Fitted Sheet Without Pillowcases - Super King (200cm x 200cm) - White|8|pcs|0|8||||open|
713|13446|3|Bamboo Cotton Duvet Sheet Set - Custom (300cm x 250cm) - White|8|pcs|0|8||||open|
714|13446|4|Heveya Pillow Bags|2|pcs|0|2||||open|
715|13446|5|Heveya Duvet Bag|1|pcs|0|1||||open|
716|13447|1|Heveya Hospitality Mattress - King (W180cm x L200cm)|1|pcs|0|1||||open|
717|13449|1|Cushions Inserts - 30*30cm - Breakfast|2|pcs|0|2||||open|
718|13449|2|Heveya Sheet Bags|1|pcs|0|1||||open|
719|13450|1|Linen Bolster Case Set (1 Bolster Case) - ø34.5cm x L91cm - Natural|1|pcs|0|1||||open|
720|13450|2|Linen Bolster Case Set (1 Bolster Case) - ø34.5cm x L91cm - Olive Stripe|1|pcs|0|1||||open|
721|13450|3|Linen  Fitted Sheet Set + 2 Pillow Cases - King (180cm x 200cm) - Olive Stripe|1|pcs|0|1||||open|
722|13450|4|Bamboo Duvet Sheet Set + 2 Pillow Cases  - King (240cm x 220cm) - Moss Green|1|pcs|0|1||||open|
723|13450|5|Linen  Duvet Sheet Set + 2 Pillow Cases - King (240cm x 220cm) - Olive|1|pcs|0|1||||open|
724|13450|6|Linen Fitted Sheet Set + 2 Pillow Cases - King (180cm x 200cm)  - White|1|pcs|0|1||||open|
725|13450|7|Heveya Sheet Bags|2|pcs|0|2||||open|
726|13451|1|Heveya Natural Organic Latex Bolster - ( L92cm x ø22cm)|1|pcs|0|1||||open|
727|13451|2|Heveya Natural Organic Latex Pillow - (70cm x 40cm x 9/11.5cm) - Heveya 3|1|pcs|0|1||||open|
728|13451|3|Heveya Pillow Bags|2|pcs|0|2||||open|
729|13452|1|Heveya Natural Organic Latex Pillow - (70cm x 40cm x 14.5cm) - Heveya 2|1|pcs|0|1||||open|
730|13452|2|Heveya Natural Organic Latex Bolster - ( L92cm x ø22cm)|1|pcs|0|1||||open|
731|13452|3|Bolster Bag|1|pcs|0|1||||open|
732|13452|4|Heveya Pillow Bags|1|pcs|0|1||||open|
733|13452|5|Bamboo Teak Pillow Mist - 5ml.|2|pcs|0|2||||open|
734|13453|1|Heveya Bamboo Eyemask - Blush Mauve|1|pcs|0|1||||open|
735|13453|2|Heveya Bamboo Eyemask - Grey|1|pcs|0|1||||open|
736|13453|3|Sticker - Pillow Mist 5ml|2|pcs|0|2||||open|
737|13453|4|Bottle - Pillow Mist - 5ml|2|pcs|0|2||||open|
738|13453|5|Paper Card - Pillow Mist 5ml|2|pcs|0|2||||open|
739|13453|6|Pillow Mist - Bamboo Teak - Custom 5ml|2|pcs|0|2||||open|
740|13455|1|Bamboo Teak Reed Diffuser.|2|pcs|0|2||||open|
741|13455|2|Paper Bag|1|pcs|0|1||||open|
742|13456|1|Heveya Natural Organic Latex Pillow - (70cm x 40cm x 12.5cm) - Heveya 5|2|pcs|0|2||||open|
743|13457|1|Heveya Natural Organic Latex Pillow - (70cm x 40cm x 12.5cm) - Heveya 4|1|pcs|0|1||||open|
744|13457|2|Bamboo Teak Pillow Mist - 5ml.|1|pcs|0|1||||open|
745|13457|3|Heveya Pillow Bags|1|pcs|0|1||||open|
746|13458|1|Bamboo Pillow Cases Set (2 Pillow Cases) - 50 cm x 75 cm - Sand|1|pcs|0|1||||open|
747|13458|2|Paper Bag|1|pcs|0|1||||open|
748|13459|1|Linen Fitted Sheet Set + 1 Pillow Case  -   Single (90cm x 200cm) - White|2|pcs|0|2||||open|
749|13459|2|Bamboo Fitted Sheet Set + 1 Pillow Case - Single (90cm x 200cm)  - White|2|pcs|0|2||||open|
750|13459|3|Linen Sheet Box|1|pcs|0|1||||open|
751|13461|1|Heveya Bamboo Eyemask - Sand|1|pcs|0|1||||open|
752|13462|1|Heveya Natural Organic Latex Pillow - (70cm x 40cm x 14.5cm) - Heveya 2|2|pcs|0|2||||open|
753|13462|2|Bamboo Teak Pillow Mist - 5ml.|2|pcs|0|2||||open|
754|13462|3|Heveya Pillow Bags|1|pcs|0|1||||open|
755|13463|1|Bamboo Fitted Sheet Set + 2 Pillow Cases -  King (180cm x 200cm) -  White|1|pcs|0|1||||open|
756|13463|2|Bamboo Duvet Sheet Set + 2 Pillow Cases - King (240cm x 220cm) - White|1|pcs|0|1||||open|
757|13463|3|Heveya Bamboo Eyemask - Blush Mauve|1|pcs|0|1||||open|
758|13463|4|Heveya Sheet Bags|1|pcs|0|1||||open|
759|13464|1|Bamboo Fitted Sheet Set + 2 Pillow Cases -  King (180cm x 200cm) - Dark Grey|1|pcs|0|1||||open|
760|13464|2|Bamboo Duvet Sheet Set + 2 Pillow Cases  - King (240cm x 220cm) - Sand|1|pcs|0|1||||open|
761|13464|3|Heveya Sheet Bags|1|pcs|0|1||||open|
762|13465|1|Heveya Natural Organic Latex Pillow - (70cm x 40cm x 9/11.5cm) - Heveya 3|1|pcs|0|1||||open|
763|13465|2|Heveya Pillow Bags|1|pcs|0|1||||open|
764|13466|1|Heveya Natural Organic Latex Pillow - (70cm x 40cm x 9/11.5cm) - Heveya 3|1|pcs|0|1||||open|
765|13466|2|Heveya Natural Organic Latex Pillow - (70cm x 40cm x 12.5cm) - Heveya 4|1|pcs|0|1||||open|
766|13466|3|Heveya Pillow Bags|1|pcs|0|1||||open|
767|13467|1|Linen Bundle Fitted Sheet Set + 2 Pillow Cases - Queen (160cm x 200cm) - Peach|1|pcs|0|1||||open|
768|13467|2|Linen Duvet Sheet Set + 2 Pillow Cases - Queen (210cm x 210cm) - Natural|1|pcs|0|1||||open|
769|13467|3|Linen Bolster Case Set (1 Bolster Case) - ø34.5cm x L91cm - Peach|1|pcs|0|1||||open|
770|13467|4|Bamboo Sheet Box|1|pcs|0|1||||open|
771|13468|1|Bamboo Fitted Sheet Set + 2 Pillow Cases - King (180cm x 200cm) - Grey|1|pcs|0|1||||open|
772|13468|2|Heveya Sheet Bags|1|pcs|0|1||||open|
773|13469|1|Bamboo Fitted Sheet Set  + 2 Pillow Cases - Queen (160cm x 200cm) - Burnt Orange|1|pcs|0|1||||open|
774|13469|2|Bamboo Bolster Case Set (1 Bolster Case) - ø34.5 cm x L91 cm - Burnt Orange|2|pcs|0|2||||open|
775|13469|3|Heveya Sheet Bags|1|pcs|0|1||||open|
776|13470|1|Heveya Natural Organic Latex Pillow - (70cm x 40cm x 14.5cm) - Heveya 2|1|pcs|0|1||||open|
777|13470|2|Heveya Natural Organic Latex Bolster - ( L92cm x ø22cm)|1|pcs|0|1||||open|
778|13470|3|Bamboo Cotton Pillow Cases Set (2 Pillow Cases) - 50 cm x 75 cm - Sand|1|pcs|0|1||||open|
779|13470|4|Bamboo Cotton Bolster Case Set (1 Bolster Case) - ø34.5 cm x L91 cm - Sand|1|pcs|0|1||||open|
780|13470|5|Heveya Bamboo Eyemask - Sage|2|pcs|0|2||||open|
781|13470|6|Heveya Pillow Bags|1|pcs|0|1||||open|
782|13470|7|Bolster Bag|1|pcs|0|1||||open|
783|13471|1|Heveya Vegan Cotton Bath Mat - 80 x 50cm - Natural|1|pcs|0|1||||open|
784|13471|2|Heveya Vegan Cotton Bath Sheet - 160 x 90cm - Stone|2|pcs|0|2||||open|
785|13471|3|Linen Duvet Sheet Set + 2 Pillow Cases - Queen (210cm x 210cm) - Natural|1|pcs|0|1||||open|
786|13471|4|Linen Fitted Sheet Set + 2 Pillow Cases - Queen (160cm x 200cm) - Natural|1|pcs|0|1||||open|
787|13471|5|Heveya Pillow Bags|1|pcs|0|1||||open|
788|13472|1|Heveya Natural Organic Latex Pillow - (70cm x 40cm x 12.5cm) - Heveya 5|1|pcs|0|1||||open|
789|13472|2|Bamboo Teak Pillow Mist - 5ml.|1|pcs|0|1||||open|
790|13472|3|Heveya Pillow Bags|1|pcs|0|1||||open|
791|13473|1|Heveya Bamboo Crib Fitted Sheet - Custom|2|pcs|0|2||||open|
792|13473|2|Small Packaging Box|1|pcs|0|1||||open|
793|13474|1|Heveya Natural Organic Latex Pillow - (70cm x 40cm x 14.5cm) - Heveya 2|1|pcs|0|1||||open|
794|13474|2|Heveya Natural Organic Latex Pillow - (70cm x 40cm x 10cm) - Heveya 1|1|pcs|0|1||||open|
795|13474|3|Cushions Inserts - 30*30cm - Breakfast|1|pcs|0|1||||open|
796|13474|4|Cushions Inserts - 40*90cm - Lumbar M|1|pcs|0|1||||open|
797|13474|5|Pillow Cases Custom (2pcs)|1|pcs|0|1||||open|
798|13474|6|Bamboo Pillow Cases Set (2 Pillow Cases) - 50 cm x 75 cm - Moss Green|1|pcs|0|1||||open|
799|13474|7|Heveya Pillow Bags|2|pcs|0|2||||open|
800|13474|8|Bamboo Teak Pillow Mist - 5ml.|2|pcs|0|2||||open|
801|13475|1|Heveya Natural Organic Latex Pillow - (70cm x 40cm x 14.5cm) - Heveya 2|1|pcs|0|1||||open|
802|13475|2|Heveya Pillow Bags|1|pcs|0|1||||open|
803|13475|3|Bamboo Teak Pillow Mist - 5ml.|1|pcs|0|1||||open|
804|13475|4|Heveya Natural Organic Latex  Topper - King (W180cm x L200cm) - Soft|1|pcs|0|1||||open|
805|13475|5|Bamboo Pillow Cases Set (2 Pillow Cases) - 50 cm x 75 cm - Moss Green|1|pcs|0|1||||open|
806|13476|1|Heveya Natural Organic Latex Mattress  III  -  Super King (W200cm x L200cm) -  Soft|1|pcs|0|1||||open|
807|13476|2|Heveya Natural Organic Latex Pillow - (70cm x 40cm x 14.5cm) - Heveya 2|2|pcs|0|2||||open|
808|13476|3|Bamboo Fitted Sheet Set + 2 Pillow Cases - Super King (200cm x 200cm) - Moss Green|1|pcs|0|1||||open|
809|13476|4|Bamboo Duvet Sheet Set + 2 Pillow Cases  -  Super King (260cm x 230cm) - Moss Green|1|pcs|0|1||||open|
810|13476|5|Heveya Bamboo Cotton Organic Inner Duvet - Super King (260cm x 230cm)|1|pcs|0|1||||open|
811|13476|6|Heveya Ombre Cotton - 224cm x 122cm - Throw Chocolate|1|pcs|0|1||||open|
812|13476|7|Heveya Pillow Bags|1|pcs|0|1||||open|
813|13477|1|Linen  Fitted  Sheet Set + 2 Pillow Cases - King (180cm x 200cm) - Olive|1|pcs|0|1||||open|
814|13477|2|Linen Duvet Sheet Set + 2 Pillow Cases - King (240cm x 220cm) - Olive Stripe|1|pcs|0|1||||open|
815|13477|3|Linen Bolster Case Set (1 Bolster Case) - ø34.5cm x L91cm - Olive|2|pcs|0|2||||open|
816|13477|4|Heveya Sheet Bags|1|pcs|0|1||||open|
817|13477|5|Bottle - Pillow Mist - 5ml|2|pcs|0|2||||open|
818|14205|1|Bamboo Duvet Sheet Set + 2 Pillow Cases - Super King (260cm x 230cm) - Blush Mauve|1|pcs|0|1||||open|
819|14205|2|Heveya Sheet Bags|1|pcs|0|1||||open|
820|14205|3|Bamboo Fitted Sheet Set + 2 Pillow Cases - Super King (200cm x 200cm) - Blush Mauve|1|pcs|0|1||||open|
821|14205|4|Bamboo Sheet Box|1|pcs|0|1||||open|
822|10325|1|Heveya Natural Organic Latex Mattress III - Custom Size (W300cm x L200cm) - Medium|1|pcs|0|1||pending_wh||open|
823|10325|2|Heveya Natural Organic Latex Mattress III  - Queen (W160cm x L200cm) - Medium|3|pcs|1|2||pending_wh||open|
824|10325|3|Heveya Natural Organic Latex Mattress III -  Super King (W200cm x L200cm) - Medium|1|pcs|1|0||warehouse||open|
825|10325|4|Heveya Natural Organic Latex Pillow - (70cm x 40cm x 14.5cm) - Heveya 2|12|pcs|2|10||pending_wh||open|
826|12896|1|Heveya Natural Organic Latex Mattress I - King (W180cm x L200cm) - Firm.|1|pcs|0|1||pending_wh||open|
827|12896|2|Heveya Organic Inner Duvet - King (240cm x 220cm)|1|pcs|0|1||pending_wh||open|
828|12896|3|Heveya Toddler Flat Pillow - 55 cm x 36 cm|1|pcs|1|0||showroom||open|
829|12896|4|Heveya Natural Organic Latex Pillow - (70cm x 40cm x 10cm) - Heveya 1|1|pcs|1|0||showroom||open|
830|12896|5|Heveya Toddler Pillow - Baby Donut - 30cm x 25cm x 5cm|2|pcs|2|0||showroom||open|
831|12896|6|Heveya Duvet Bag|1|pcs|0|1||showroom||open|
832|12896|7|Heveya Pillow Bags|1|pcs|1|0||showroom||open|
833|12896|8|Heveya Sheet Bags|1|pcs|1|0||showroom||open|
834|13070|1|Heveya Natural Organic Latex Mattress II - King (W180cm x L200cm) - Medium..|10|pcs|0|10||pending_wh||open|
835|13070|2|Heveya Natural Organic Latex Pillow - (70cm x 40cm x 14.5cm) - Heveya 2|66|pcs|0|66||pending_wh||open|
836|13070|3|Heveya Natural Organic Latex Bolster - ( L92cm x ø22cm)|15|pcs|0|15||pending_wh||open|
837|13070|4|Heveya Natural Organic Latex Pillow - (70cm x 40cm x 14.5cm) - Heveya 2|1|pcs|0|1||pending_wh||open|
838|13070|5|Heveya Natural Organic Latex Bolster - ( L92cm x ø22cm)|1|pcs|0|1||pending_wh||open|
839|13070|6|Heveya Pillow Bags|1|pcs|0|1||pending_wh||open|
840|13102|1|Heveya Natural Organic Latex Mattress III -  Super King (W200cm x L200cm) - Medium/Soft|1|pcs|0|1||showroom||open|
841|13102|2|Heveya Natural Organic Latex Pillow - (70cm x 40cm x 14.5cm) - Heveya 2|1|pcs|1|0||showroom||open|
842|13102|3|Heveya Natural Organic Latex Pillow - (70cm x 40cm x 12.5cm) - Heveya 5|1|pcs|1|0||showroom||open|
843|13102|4|Heveya Organic Inner Duvet - Super King (260cm x 230cm)|1|pcs|1|0||showroom||open|
844|13102|5|Heveya Pillow Bags|1|pcs|1|0||showroom||open|
845|13104|1|Heveya Natural Organic Latex Mattress III - Custom Size (W250cm x L220cm) - Soft/Soft|1|pcs|0|1||pending_wh||open|
846|13104|2|Heveya Natural Organic Latex Pillow - (70cm x 40cm x 14.5cm) - Heveya 2|1|pcs|1|0||showroom||open|
847|13104|3|Heveya Natural Organic Latex Bolster - ( L92cm x ø22cm)|2|pcs|2|0||showroom||open|
848|13104|4|Bolster Bag|1|pcs|1|0||showroom||open|
849|13104|5|Heveya Pillow Bags|1|pcs|1|0||showroom||open|
850|13271|1|Heveya Natural Organic Latex Mattress III - Super King (W200cm x L200cm) -  Firm|1|pcs|0|1||pending_wh||open|
851|13271|2|Heveya Natural Organic Latex Mattress III - King (W180cm x L200cm) - Firm.|1|pcs|0|1||pending_wh||open|
852|13271|3|Heveya Natural Organic Latex Pillow - (70cm x 40cm x 9/11.5cm) - Heveya 3|4|pcs|0|4||pending_wh||open|
853|13271|4|Heveya Natural Organic Latex Pillow - (70cm x 40cm x 12.5cm) - Heveya 4|4|pcs|0|4||pending_wh||open|
854|13271|5|Heveya Hospitality Mattress - Super King (W200cm x L200cm)|3|pcs|0|3||pending_wh||open|
855|13271|6|Heveya Natural Organic Latex Pillow - (70cm x 40cm x 9/11.5cm) - Heveya 3|6|pcs|0|6||pending_wh||open|
856|13271|7|Heveya Natural Organic Latex Pillow - (70cm x 40cm x 12.5cm) - Heveya 4|6|pcs|0|6||pending_wh||open|
857|13271|8|Heveya Mattress Protector - Super King (200cm x 200cm)|4|pcs|0|4||pending_wh||open|
858|13271|9|Heveya Mattress Protector - King (180cm x 200cm)|1|pcs|0|1||pending_wh||open|
859|13271|10|Heveya Bamboo Cotton Organic Inner Duvet - King (240cm x 220cm)|1|pcs|0|1||pending_wh||open|
860|13271|11|Linen Fitted Sheet Set + 2 Pillow Cases  - Super King (200cm x 200cm) - Natural|1|pcs|0|1||pending_wh||open|
861|13271|12|Linen  Fitted  Sheet Set + 2 Pillow Cases - Super King (200cm x 200cm) - Olive Stripe|1|pcs|0|1||pending_wh||open|
862|13271|13|Linen Fitted Sheet Set + 2 Pillow Cases - King (180cm x 200cm)  - Natural|1|pcs|0|1||pending_wh||open|
863|13271|14|Linen  Duvet  Sheet Set + 2 Pillow Cases - Super King (260cm x 230cm) - Olive|1|pcs|0|1||pending_wh||open|
864|13271|15|Linen Duvet Sheet Set + 2 Pillow Cases - Super King (260cm x 230cm)  - Charcoal Grey|1|pcs|0|1||pending_wh||open|
865|13271|16|Linen Duvet Sheet Set + 2 Pillow Cases - King (240cm x 220cm) - Charcoal Grey|1|pcs|0|1||pending_wh||open|
866|13271|17|Bamboo Cotton Fitted Sheet Set +  2 Pillow Cases - Super King (200cm x 200cm) - White|1|pcs|0|1||pending_wh||open|
867|13271|18|Bamboo Cotton Duvet  Sheet Set + 2 Pillow Cases - Super King (260cm x 230cm) - White|1|pcs|0|1||pending_wh||open|
868|13271|19|Heveya Double Linen Throw - Size 150cm x 230cm - Ivory|5|pcs|0|5||pending_wh||open|
869|13271|20|Heveya Bamboo Eyemask - Sand|2|pcs|0|2||pending_wh||open|
870|13271|21|Heveya Bamboo Eyemask - Grey|2|pcs|0|2||pending_wh||open|
871|13271|22|Heveya Vegan Cotton Bath Towel - 140 x 80cm - Stone|4|pcs|0|4||pending_wh||open|
872|13271|23|Heveya Vegan Cotton Bath Towel - 140 x 80cm - Natural|2|pcs|0|2||pending_wh||open|
873|13271|24|Heveya Vegan Cotton Hand Towel - 70 x 40 - Stone|4|pcs|0|4||pending_wh||open|
874|13271|25|Heveya Vegan Cotton Hand Towel - 70 x 40 - Natural|2|pcs|0|2||pending_wh||open|
875|13271|26|Heveya Vegan Cotton Face Towel - 30x30cm - Stone|4|pcs|0|4||pending_wh||open|
876|13271|27|Heveya Vegan Cotton Face Towel - 30x30cm - Natural|2|pcs|0|2||pending_wh||open|
877|13271|28|Heveya Vegan Cotton Bath Mat - 80 x 50cm - Stone|4|pcs|0|4||pending_wh||open|
878|13271|29|Heveya Vegan Cotton Bath Robe Small - Natural|2|pcs|0|2||pending_wh||open|
879|13271|30|Heveya Vegan Cotton Bath Robe Medium - Natural|2|pcs|0|2||pending_wh||open|
880|13271|31|Heveya Bamboo Cotton Organic Inner Duvet - Super King (260cm x 230cm)|4|pcs|0|4||pending_wh||open|
